"","X","Q1A","Q2A","Q3A","Q4A","Q5A","Q6A","Q7A","Q8A","Q9A","Q10A","Q11A","Q12A","Q13A","Q14A","Q15A","Q16A","Q17A","Q18A","Q19A","Q20A","T1","T2","otwartosc","ugodowosc","kalafior"
"15001",15001,2,3,1,2,4,2,4,1,1,1,5,5,1,4,2,4,5,4,4,1,56,57,8,10,16
"15002",15002,1,2,4,3,1,5,4,1,1,1,3,1,1,3,3,4,4,1,1,1,45,43,14,10,13
"15003",15003,5,2,2,2,4,2,2,2,1,1,3,4,2,3,2,3,2,2,5,1,50,50,5,14,17
"15004",15004,5,5,5,5,5,5,5,3,5,5,5,5,5,5,5,5,5,5,5,1,94,104,8,3,14
"15005",15005,1,1,4,1,4,2,4,2,1,2,3,1,3,4,2,4,5,1,5,2,52,52,10,9,13
"15006",15006,2,2,2,1,4,4,5,2,2,4,5,5,1,5,5,5,5,2,5,1,67,77,12,9,16
"15007",15007,1,1,2,4,4,4,2,4,1,1,4,4,2,5,4,3,4,5,5,3,63,71,12,13,11
"15008",15008,1,2,4,1,1,5,5,2,1,1,4,4,4,1,1,1,4,4,5,1,52,34,7,12,13
"15009",15009,5,5,5,3,5,5,5,2,3,4,5,5,5,5,4,1,5,4,5,5,86,90,14,10,7
"15010",15010,4,3,5,3,3,5,5,2,2,4,4,3,2,3,3,5,3,4,5,2,70,84,12,14,12
"15011",15011,1,1,4,2,3,4,4,2,1,1,4,1,1,3,3,4,5,2,2,1,49,60,9,7,15
"15012",15012,1,2,4,2,4,3,4,3,1,1,4,5,2,5,3,1,5,4,5,1,60,53,7,12,16
"15013",15013,1,1,5,3,4,5,5,1,1,5,5,4,1,5,2,1,1,1,1,1,53,44,10,14,14
"15014",15014,4,4,2,2,3,4,4,2,1,4,4,3,2,1,4,5,4,4,4,1,62,63,5,9,16
"15015",15015,1,1,1,5,2,5,4,5,1,1,5,4,5,4,1,2,3,4,5,4,63,74,14,5,9
"15016",15016,5,2,5,5,5,5,5,1,4,5,5,4,4,4,3,4,1,5,5,5,82,67,10,11,11
"15017",15017,5,1,2,1,4,1,1,4,1,1,3,1,1,3,1,2,3,1,1,1,38,41,9,14,11
"15018",15018,5,4,4,4,5,5,5,2,3,4,5,4,5,5,4,5,5,5,5,1,85,80,14,7,11
"15019",15019,5,2,2,5,3,5,4,2,4,5,5,5,4,5,1,5,1,5,1,5,74,95,12,7,14
"15020",15020,3,1,3,2,4,2,4,2,2,2,3,2,4,4,2,4,4,3,4,2,57,48,7,8,13
"15021",15021,2,2,3,1,1,4,5,1,2,3,3,2,1,3,1,4,3,1,5,1,48,33,9,8,7
"15022",15022,2,4,1,1,3,2,4,2,1,4,3,1,1,3,1,1,5,4,1,2,46,53,9,8,12
"15023",15023,1,1,5,1,4,4,4,2,1,1,5,4,1,1,2,2,5,4,5,1,54,55,10,10,14
"15024",15024,4,4,3,3,4,5,5,3,4,5,5,5,4,3,4,4,4,4,5,4,82,79,12,7,8
"15025",15025,4,4,1,4,5,4,5,5,1,2,5,5,5,4,3,5,4,2,5,2,75,70,8,5,14
"15026",15026,3,4,3,3,4,4,4,5,3,3,4,5,3,3,3,3,5,3,5,2,72,65,10,9,19
"15027",15027,4,4,2,2,4,2,3,4,2,2,2,2,4,2,4,3,3,4,4,4,61,68,11,10,9
"15028",15028,1,1,1,1,5,1,1,5,1,1,1,5,1,5,1,1,5,1,5,1,44,35,2,8,10
"15029",15029,2,2,3,5,5,5,5,4,4,5,5,5,3,5,5,5,5,4,5,2,84,83,10,5,13
"15030",15030,4,5,1,2,4,2,2,5,2,1,2,4,4,4,2,5,5,4,5,1,64,54,4,8,11
"15031",15031,2,2,4,2,4,2,4,2,1,2,4,2,2,4,4,2,5,3,4,1,56,59,3,9,12
"15032",15032,2,1,5,2,2,2,5,1,1,1,5,4,1,2,4,1,5,5,5,1,55,58,11,14,14
"15033",15033,4,2,3,2,2,5,5,4,2,4,4,1,2,5,3,3,4,2,5,1,63,41,12,9,17
"15034",15034,5,4,2,4,5,3,4,2,2,2,2,5,2,4,3,3,4,4,5,5,70,65,13,10,11
"15035",15035,2,4,3,1,2,4,4,4,1,4,5,1,1,2,3,2,2,4,5,1,55,44,10,10,13
"15036",15036,4,5,5,5,4,5,5,1,4,4,5,4,3,5,3,5,5,4,5,3,84,86,8,5,16
"15037",15037,4,2,1,4,2,2,2,4,1,1,4,4,1,2,3,2,2,3,5,4,53,56,12,8,14
"15038",15038,1,4,5,4,5,1,2,2,1,1,4,5,5,3,1,2,1,1,5,1,54,55,12,14,9
"15039",15039,4,3,5,1,5,5,5,1,3,3,4,5,4,5,4,5,5,4,5,3,79,67,7,11,9
"15040",15040,2,5,5,5,5,5,5,4,4,5,5,5,5,4,5,5,5,5,5,1,90,95,13,10,15
"15041",15041,5,5,1,1,5,4,4,5,1,4,5,5,5,1,5,1,5,5,5,5,77,81,4,14,12
"15042",15042,5,5,5,5,5,1,1,1,1,1,1,5,5,1,5,1,1,5,5,5,64,56,13,10,7
"15043",15043,4,5,4,5,5,4,5,2,3,2,4,5,5,5,4,5,3,4,5,3,82,81,10,6,6
"15044",15044,4,2,4,2,2,5,4,2,2,3,5,2,4,3,4,5,5,4,5,1,68,65,13,7,12
"15045",15045,2,2,2,3,2,4,4,1,2,2,5,4,3,5,5,5,5,2,5,2,65,60,10,9,15
"15046",15046,1,1,1,3,1,2,2,3,1,5,3,4,1,5,1,1,4,1,5,2,47,55,9,3,11
"15047",15047,5,3,1,1,5,2,3,5,1,5,1,2,1,3,4,3,2,3,1,1,52,33,8,11,13
"15048",15048,1,2,2,1,4,1,1,2,1,1,1,5,3,1,1,1,3,4,5,1,41,44,12,14,10
"15049",15049,5,4,3,5,5,5,5,5,2,3,5,5,2,5,4,5,5,4,5,4,86,96,14,9,16
"15050",15050,2,3,4,3,4,5,4,4,2,2,3,5,2,3,5,5,4,4,5,1,70,72,8,6,13
"15051",15051,3,5,4,3,4,5,5,5,2,2,5,3,4,4,4,4,4,3,5,2,76,78,14,7,14
"15052",15052,3,3,5,3,3,5,5,5,3,1,3,5,2,5,5,5,5,3,5,5,79,84,4,2,15
"15053",15053,1,5,1,1,1,4,4,5,1,1,4,1,5,3,5,5,2,4,5,1,59,64,13,7,12
"15054",15054,4,5,3,2,5,5,4,5,3,3,5,4,4,4,4,4,3,4,5,3,79,105,10,10,15
"15055",15055,4,2,5,3,3,3,5,3,2,2,4,5,5,5,3,1,5,1,5,4,70,70,11,3,10
"15056",15056,1,2,2,2,2,2,2,2,1,1,2,1,1,3,3,2,5,1,5,1,41,31,11,5,14
"15057",15057,4,5,3,3,2,5,5,4,1,4,5,5,4,5,2,5,5,4,5,4,80,84,14,8,14
"15058",15058,1,2,2,5,4,4,4,1,1,1,5,4,1,2,2,4,2,2,5,1,53,56,12,13,16
"15059",15059,2,3,2,4,4,2,4,4,1,3,3,4,1,5,2,1,5,1,5,2,58,64,11,8,18
"15060",15060,1,1,5,2,1,4,3,1,1,4,4,1,5,5,3,4,5,1,4,1,56,50,9,11,13
"15061",15061,3,2,4,2,3,2,4,1,1,2,5,2,1,4,3,5,2,4,3,1,54,56,13,9,16
"15062",15062,4,4,3,1,3,4,5,3,2,4,5,1,1,4,4,2,2,3,5,1,61,54,13,8,14
"15063",15063,2,1,1,4,3,4,4,5,1,3,5,5,1,5,4,3,3,1,4,1,60,57,12,9,15
"15064",15064,5,5,2,2,5,2,4,5,1,4,3,5,4,2,5,2,5,4,5,5,75,76,12,10,9
"15065",15065,2,3,3,4,3,5,4,4,3,4,5,5,4,4,4,5,4,5,5,1,77,73,10,10,12
"15066",15066,1,2,2,5,4,3,4,3,1,2,5,5,5,4,2,5,4,4,5,1,67,81,10,7,14
"15067",15067,4,5,4,3,3,4,5,4,3,4,4,5,4,4,5,4,5,4,5,1,80,89,11,5,10
"15068",15068,4,4,2,2,4,4,4,4,1,2,5,4,1,3,4,2,3,4,5,1,63,55,8,10,13
"15069",15069,5,5,3,4,5,5,5,5,3,4,5,5,5,4,5,3,5,5,1,4,86,73,9,7,14
"15070",15070,5,5,5,5,5,4,5,5,2,3,5,5,5,5,3,5,5,5,5,4,91,85,12,8,9
"15071",15071,5,4,5,1,5,3,1,2,1,1,1,5,3,1,2,1,2,1,4,1,49,31,12,13,11
"15072",15072,1,2,4,2,4,2,5,3,1,1,3,4,2,4,1,5,4,1,5,1,55,53,6,11,8
"15073",15073,1,1,4,4,1,4,4,1,2,1,5,5,1,5,1,5,5,3,4,1,58,76,10,11,16
"15074",15074,4,4,2,2,1,2,4,2,1,2,5,3,2,5,1,2,4,5,4,1,56,68,9,6,18
"15075",15075,2,2,4,4,2,2,2,1,3,2,2,2,4,4,4,2,2,2,5,1,52,52,13,4,9
"15076",15076,1,4,3,5,5,4,5,2,1,1,5,4,2,4,1,5,4,4,5,4,69,87,9,9,14
"15077",15077,5,2,4,5,1,1,4,1,1,1,5,5,1,4,2,5,4,4,1,2,58,52,9,11,13
"15078",15078,2,4,2,2,2,4,4,3,1,2,5,4,2,4,2,4,4,4,4,1,60,58,13,14,14
"15079",15079,2,5,4,1,1,1,1,1,1,1,5,4,2,2,4,5,3,4,5,5,57,37,12,14,13
"15080",15080,2,2,4,1,1,1,2,1,1,2,5,2,1,5,4,1,2,1,5,4,47,40,14,14,8
"15081",15081,5,4,2,5,4,2,5,5,5,5,5,5,5,4,5,5,5,4,5,1,86,86,13,14,12
"15082",15082,3,1,1,2,1,2,5,1,1,5,5,4,1,4,4,5,5,4,5,1,60,47,11,12,15
"15083",15083,5,5,5,4,5,5,5,5,1,4,5,2,4,5,5,5,5,4,5,2,86,70,12,12,16
"15084",15084,2,4,4,2,4,4,1,4,1,1,4,4,2,4,4,5,4,2,5,1,62,60,10,12,12
"15085",15085,5,3,4,2,4,4,5,4,2,5,4,2,2,2,4,4,4,2,5,2,69,79,8,13,9
"15086",15086,4,4,2,4,5,5,5,4,1,5,4,5,5,5,4,5,5,5,5,1,83,71,12,10,7
"15087",15087,4,2,5,4,4,5,5,1,2,5,5,4,5,5,4,2,2,5,5,1,75,100,14,8,17
"15088",15088,2,3,2,4,3,2,4,1,1,3,5,5,1,4,3,5,5,5,5,5,68,87,13,9,16
"15089",15089,3,4,4,4,2,4,4,3,1,4,5,4,3,5,1,2,2,2,2,2,61,58,11,11,15
"15090",15090,1,1,2,1,3,1,1,1,1,1,3,2,1,3,1,2,4,2,5,1,37,53,12,12,14
"15091",15091,2,2,4,2,3,2,4,2,2,2,4,3,2,4,2,2,4,2,3,1,52,38,9,7,11
"15092",15092,4,4,1,5,4,2,5,4,1,3,5,4,4,5,1,5,5,1,5,4,72,74,12,6,11
"15093",15093,2,1,5,5,4,5,5,5,4,4,5,1,4,5,4,5,4,1,4,1,74,71,8,6,9
"15094",15094,5,3,2,5,4,5,5,2,2,2,5,5,4,3,4,5,4,2,5,4,76,89,14,7,15
"15095",15095,1,2,1,2,5,2,5,2,1,2,4,5,3,5,4,5,1,2,5,5,62,60,13,11,16
"15096",15096,1,4,3,2,2,3,5,3,2,4,4,2,4,3,2,3,5,5,5,3,65,57,14,13,7
"15097",15097,4,2,5,1,4,4,4,4,1,3,5,4,5,2,4,4,4,5,5,4,74,71,12,12,15
"15098",15098,4,2,1,2,4,1,2,4,1,1,5,5,4,5,1,4,5,4,5,5,65,76,14,6,12
"15099",15099,5,5,5,3,5,5,5,4,5,5,5,5,5,5,5,4,3,5,5,4,93,95,14,8,6
"15100",15100,4,4,4,4,4,5,5,2,4,4,4,3,2,4,4,5,2,4,4,2,74,71,9,7,8
"15101",15101,2,4,2,2,4,4,5,5,1,2,4,2,4,1,4,1,4,4,5,2,62,71,13,6,13
"15102",15102,1,1,1,1,5,1,1,1,1,1,1,1,1,1,1,1,1,1,1,1,24,39,14,14,15
"15103",15103,4,4,2,5,4,5,5,5,2,3,5,5,2,5,3,4,4,4,5,1,77,59,10,9,12
"15104",15104,2,4,4,4,2,4,5,1,1,2,5,5,4,5,4,4,3,4,5,1,69,78,12,11,14
"15105",15105,4,4,3,2,5,4,4,1,2,4,5,4,3,3,4,2,5,4,5,2,70,76,10,11,7
"15106",15106,1,3,5,2,1,2,5,2,1,3,5,3,1,5,4,5,2,2,5,4,61,66,12,6,16
"15107",15107,4,4,4,4,5,5,5,2,2,4,4,4,3,3,3,5,5,5,5,1,77,68,13,8,16
"15108",15108,2,2,2,1,1,2,3,1,1,1,4,1,1,1,1,2,1,5,4,1,37,39,14,9,12
"15109",15109,2,5,2,2,3,2,5,2,2,4,5,5,4,4,3,5,5,4,5,1,70,51,10,13,15
"15110",15110,1,1,4,2,4,4,4,4,1,2,4,2,1,2,1,2,1,1,2,1,44,51,8,8,11
"15111",15111,5,4,3,2,4,5,4,5,3,2,4,2,4,4,4,4,4,4,5,2,74,77,11,8,10
"15112",15112,5,1,1,5,5,5,5,5,1,5,5,5,1,5,1,1,5,1,5,5,72,75,14,7,13
"15113",15113,4,2,4,1,4,5,4,4,1,3,2,4,2,2,3,2,2,2,5,2,58,53,10,9,8
"15114",15114,5,2,5,4,1,5,5,1,3,5,5,5,3,5,4,5,3,4,5,5,80,84,14,6,16
"15115",15115,1,1,1,2,1,2,4,1,1,1,3,5,1,2,4,5,1,2,5,1,44,34,4,9,14
"15116",15116,1,1,1,1,3,5,5,2,1,1,5,4,4,3,3,2,1,5,5,1,54,47,8,10,11
"15117",15117,4,4,4,4,4,4,5,4,2,2,4,4,4,5,4,4,5,4,5,1,77,80,13,8,15
"15118",15118,5,4,3,4,4,5,5,2,5,5,5,4,4,5,5,5,1,3,5,1,80,95,12,10,11
"15119",15119,4,4,3,2,4,2,4,1,1,1,3,4,4,2,4,5,4,4,4,1,61,65,10,8,9
"15120",15120,2,1,5,2,3,2,4,2,1,1,1,1,1,2,3,2,2,2,4,1,42,42,11,11,12
"15121",15121,4,1,5,1,1,4,4,3,2,4,2,2,1,4,5,1,4,1,4,3,56,52,14,13,9
"15122",15122,5,4,4,5,4,5,5,5,4,4,5,5,5,4,5,5,5,5,5,4,93,81,11,6,18
"15123",15123,2,2,2,2,2,1,1,4,2,1,2,2,4,4,4,4,5,2,3,2,51,54,11,9,18
"15124",15124,4,4,4,4,2,2,5,4,2,4,5,4,4,4,5,4,4,4,5,1,75,71,13,11,9
"15125",15125,2,2,5,4,4,5,1,2,2,2,5,4,2,5,1,5,5,2,3,2,63,78,6,10,11
"15126",15126,1,1,5,2,1,5,5,4,1,3,4,5,1,1,2,1,5,2,5,1,55,67,4,9,14
"15127",15127,4,1,1,2,4,1,2,3,1,1,4,4,5,5,2,3,3,4,5,1,56,62,14,14,11
"15128",15128,4,4,4,2,2,4,4,2,1,4,4,4,4,4,4,4,4,4,5,2,70,80,14,13,9
"15129",15129,1,1,1,1,5,2,4,4,1,1,5,5,4,1,2,4,5,5,5,1,58,58,2,14,12
"15130",15130,4,4,5,4,5,5,5,4,4,4,5,5,4,5,5,5,5,4,5,2,89,76,10,4,9
"15131",15131,4,2,4,5,4,3,3,1,2,1,5,5,4,4,2,5,4,1,4,4,67,56,12,11,16
"15132",15132,2,2,3,4,4,4,4,2,2,2,5,5,2,4,3,4,4,2,5,1,64,61,14,11,13
"15133",15133,4,4,2,4,5,5,5,1,3,4,5,2,3,4,1,4,2,4,4,1,67,63,9,8,11
"15134",15134,1,1,2,1,2,2,2,1,1,1,2,1,2,2,3,1,2,1,5,1,34,28,11,9,9
"15135",15135,2,1,2,4,4,5,5,1,2,1,5,1,1,4,1,1,5,2,5,2,54,67,11,4,7
"15136",15136,1,1,4,1,4,1,1,1,1,1,4,1,2,2,1,1,1,1,5,1,35,39,9,9,9
"15137",15137,2,2,2,4,3,4,4,2,1,4,5,4,2,4,2,4,4,2,5,1,61,49,9,8,6
"15138",15138,2,3,1,5,2,1,1,1,1,1,1,5,1,4,1,1,5,1,1,1,39,39,7,14,14
"15139",15139,2,2,2,2,1,1,3,2,2,2,4,4,2,3,3,1,2,2,1,1,42,60,10,8,7
"15140",15140,4,5,5,4,4,5,5,5,1,1,5,4,5,5,5,5,2,5,5,5,85,92,10,8,9
"15141",15141,1,1,3,2,1,2,4,1,1,2,3,1,2,3,2,3,4,1,4,1,42,28,8,9,10
"15142",15142,1,4,4,2,2,4,4,2,2,2,4,3,4,3,3,2,3,4,4,1,58,52,11,8,11
"15143",15143,2,3,3,2,2,1,1,4,1,1,4,4,4,4,3,1,4,2,5,2,53,50,12,14,14
"15144",15144,3,1,4,3,4,5,5,4,3,4,3,2,1,5,2,2,5,2,3,1,62,53,11,5,9
"15145",15145,5,3,1,1,1,5,5,4,1,3,5,4,1,3,3,1,5,1,3,3,58,50,10,8,11
"15146",15146,2,2,4,3,4,4,4,1,3,4,4,4,1,4,3,4,4,1,1,5,62,70,13,12,5
"15147",15147,1,5,3,2,2,2,2,2,1,2,4,5,4,3,1,3,5,2,4,3,56,51,14,7,7
"15148",15148,1,2,4,2,4,5,4,1,1,4,2,5,1,2,3,4,4,1,5,1,56,40,7,9,9
"15149",15149,2,4,2,4,1,4,5,2,2,5,4,4,2,3,4,5,3,4,5,1,66,66,14,9,14
"15150",15150,1,1,3,4,4,4,4,4,1,1,5,4,3,3,3,5,4,1,4,3,62,66,12,13,13
"15151",15151,1,4,4,2,2,4,4,2,1,2,4,4,1,4,4,1,4,2,1,1,52,53,9,9,14
"15152",15152,1,2,4,4,2,2,5,4,1,1,4,2,4,4,2,3,5,5,2,1,58,68,12,9,10
"15153",15153,4,1,2,2,4,2,2,5,1,1,5,5,4,5,1,2,5,5,4,1,61,67,7,11,11
"15154",15154,2,3,4,5,4,4,5,2,2,4,5,5,4,2,4,1,5,3,5,1,70,67,13,10,14
"15155",15155,2,1,4,2,2,4,4,1,1,2,5,2,2,3,4,5,5,5,5,5,64,58,10,9,10
"15156",15156,4,5,2,2,4,2,5,2,1,4,4,1,2,5,5,1,5,4,1,1,60,68,7,6,11
"15157",15157,3,4,3,2,4,4,3,2,1,3,2,4,4,3,4,3,4,2,4,3,62,68,9,9,17
"15158",15158,1,1,2,3,2,1,2,2,1,1,3,1,1,3,1,1,4,1,5,1,37,48,13,8,9
"15159",15159,5,5,1,5,5,5,1,5,1,1,5,5,5,1,5,5,5,5,5,5,80,69,14,8,13
"15160",15160,2,1,2,5,2,4,4,2,1,3,4,4,2,4,1,2,2,2,1,1,49,28,11,14,7
"15161",15161,4,4,2,2,4,2,4,2,2,4,4,2,2,4,4,4,4,2,4,4,64,61,8,14,9
"15162",15162,4,2,2,4,4,3,1,4,1,3,4,4,4,2,4,1,4,4,4,2,61,52,13,8,11
"15163",15163,3,4,3,5,4,4,5,5,2,1,4,4,1,4,1,1,2,4,5,4,66,71,6,9,13
"15164",15164,1,1,2,2,2,2,3,2,1,4,5,4,2,3,3,2,5,2,4,1,51,59,14,13,12
"15165",15165,4,5,2,3,4,4,5,4,1,4,5,4,4,4,4,4,4,4,5,2,76,65,11,9,6
"15166",15166,1,4,3,4,2,4,5,1,3,5,5,1,3,2,4,5,1,2,1,1,57,56,11,4,8
"15167",15167,4,2,1,5,2,5,5,3,1,5,4,5,4,5,2,5,1,4,5,1,69,67,14,13,11
"15168",15168,5,5,1,5,5,5,5,5,1,1,1,5,5,1,5,1,5,5,5,5,76,94,14,8,9
"15169",15169,5,5,1,1,5,5,5,5,1,1,1,5,5,5,5,1,1,5,5,1,68,86,14,14,9
"15170",15170,1,1,4,4,3,5,5,4,3,2,5,4,1,5,4,4,5,1,3,1,65,50,12,5,14
"15171",15171,1,4,5,1,2,2,5,1,1,1,4,1,3,5,1,2,5,1,4,1,50,52,14,9,10
"15172",15172,2,1,1,5,1,2,4,1,1,1,5,1,1,4,2,5,4,2,5,5,53,46,8,9,12
"15173",15173,4,5,5,5,4,4,4,3,3,4,5,5,4,4,4,5,5,5,5,1,84,93,14,7,18
"15174",15174,1,2,4,4,1,5,4,3,1,1,4,1,3,2,4,5,3,5,4,1,58,62,13,13,14
"15175",15175,3,1,3,4,3,1,2,1,1,4,4,2,1,4,1,2,4,2,1,1,45,59,10,11,10
"15176",15176,5,2,2,1,3,4,5,2,1,4,4,1,2,3,5,5,4,2,5,1,61,59,11,13,18
"15177",15177,4,1,4,4,4,5,5,1,2,4,4,3,1,4,4,5,1,4,4,2,66,41,8,7,9
"15178",15178,5,5,5,4,4,5,5,3,4,4,4,5,5,3,4,5,1,5,5,1,82,79,13,12,9
"15179",15179,4,5,4,4,5,5,5,5,5,4,5,5,5,5,5,3,1,4,5,5,89,101,13,2,13
"15180",15180,4,1,1,1,4,5,4,5,1,3,3,5,2,3,1,4,5,5,5,1,63,66,5,10,14
"15181",15181,1,3,1,1,5,5,4,5,1,1,3,5,5,3,4,3,5,5,1,1,62,66,10,14,12
"15182",15182,4,4,5,3,4,2,5,2,1,3,4,5,2,4,3,5,4,4,5,4,73,75,14,12,11
"15183",15183,4,5,2,1,5,1,4,3,1,1,4,5,2,4,4,4,5,5,5,1,66,79,12,9,16
"15184",15184,4,2,4,3,4,2,2,2,2,4,5,2,2,3,3,4,3,2,2,2,57,54,13,7,7
"15185",15185,4,4,1,2,5,5,4,4,2,3,4,2,3,3,5,4,2,5,4,1,67,56,10,9,12
"15186",15186,1,3,4,1,1,2,5,1,1,2,2,2,4,2,4,2,1,4,5,1,48,52,8,14,11
"15187",15187,4,4,2,2,1,4,4,3,1,1,4,2,2,5,4,2,5,4,5,4,63,55,14,12,13
"15188",15188,2,1,2,3,2,5,5,4,2,3,4,5,1,4,4,1,5,5,5,4,67,59,12,8,10
"15189",15189,2,1,3,2,1,4,2,4,1,2,2,1,2,3,3,4,4,1,4,3,49,39,9,5,12
"15190",15190,4,3,2,4,3,2,4,1,4,3,4,4,4,2,3,3,3,2,5,4,64,66,10,10,11
"15191",15191,2,4,2,1,2,2,4,1,1,2,5,1,2,5,3,4,4,2,5,2,54,44,12,11,14
"15192",15192,3,3,4,5,4,3,5,5,1,4,3,5,1,5,3,5,5,2,5,1,72,78,12,6,10
"15193",15193,3,1,1,4,4,4,4,1,2,1,4,5,1,5,1,5,4,2,2,1,55,56,8,8,13
"15194",15194,2,2,5,1,1,4,4,4,1,2,5,3,2,3,3,5,4,4,5,1,61,67,3,8,10
"15195",15195,3,2,5,3,2,4,4,2,1,2,5,2,1,4,3,1,5,2,4,4,59,49,11,12,15
"15196",15196,3,2,2,4,5,5,5,3,2,2,3,5,3,5,2,4,5,3,5,3,71,71,13,10,11
"15197",15197,1,1,1,3,2,1,3,1,1,1,5,4,1,3,1,2,2,1,1,1,36,29,11,10,10
"15198",15198,3,4,3,5,4,5,5,4,2,3,5,4,3,5,4,3,2,4,4,1,73,58,4,8,14
"15199",15199,3,4,4,2,4,2,5,4,1,2,2,4,4,4,3,4,4,1,4,3,64,62,13,11,13
"15200",15200,5,5,4,5,5,5,4,1,4,5,4,5,5,4,4,4,5,4,3,3,84,78,11,13,9
"15201",15201,1,4,4,4,4,2,2,5,2,1,2,5,4,5,4,4,4,4,5,2,68,65,8,8,18
"15202",15202,5,1,2,1,5,4,4,5,1,1,5,5,2,4,1,1,5,1,4,1,58,53,12,14,9
"15203",15203,2,1,5,3,5,5,5,2,2,5,5,5,1,4,5,5,5,4,5,5,79,75,14,8,14
"15204",15204,5,4,5,5,5,4,4,5,1,3,5,5,5,5,5,1,2,1,5,5,80,68,14,10,13
"15205",15205,5,5,3,5,5,5,4,5,4,5,5,5,5,5,2,5,5,5,5,5,93,92,14,2,12
"15206",15206,2,5,4,3,4,5,4,1,4,4,4,4,4,3,4,5,5,3,4,2,74,79,12,9,13
"15207",15207,5,4,4,5,5,2,4,2,3,4,5,5,5,4,4,5,5,3,5,3,82,92,14,12,10
"15208",15208,1,2,3,2,4,4,4,1,1,1,4,4,4,2,1,1,1,2,2,1,45,55,12,9,18
"15209",15209,3,1,1,1,1,4,3,2,1,1,4,1,1,2,2,1,5,4,5,1,44,56,13,13,16
"15210",15210,2,1,4,3,4,2,4,2,2,2,4,5,1,5,2,4,3,4,5,3,62,58,12,8,14
"15211",15211,1,1,2,2,4,4,5,2,1,3,5,3,2,3,5,4,5,4,4,1,61,46,9,6,8
"15212",15212,5,3,5,2,4,5,5,2,1,2,5,4,4,1,4,2,5,5,4,1,69,65,10,8,4
"15213",15213,3,4,3,3,2,3,3,4,1,2,4,3,4,4,1,4,5,3,5,1,62,69,14,10,13
"15214",15214,1,3,5,1,1,4,4,1,1,1,5,2,1,3,1,2,5,1,5,1,48,45,11,14,11
"15215",15215,2,2,3,3,5,3,4,2,2,2,5,3,3,5,4,1,5,2,4,2,62,62,12,9,14
"15216",15216,5,5,2,5,5,3,2,5,3,1,5,5,5,4,5,5,5,4,5,4,83,87,14,5,9
"15217",15217,4,4,2,2,5,4,4,4,1,4,4,4,4,3,4,3,3,3,4,2,68,63,8,7,17
"15218",15218,1,1,3,1,1,1,4,1,1,4,5,1,1,4,2,1,4,4,5,1,46,46,11,8,13
"15219",15219,2,4,2,3,4,2,4,4,1,2,5,2,1,4,4,2,4,4,2,1,57,52,8,10,12
"15220",15220,1,4,3,1,4,4,4,4,1,4,5,4,4,4,4,3,5,5,5,1,70,67,12,6,13
"15221",15221,2,4,2,1,4,5,5,1,1,2,4,4,4,4,1,5,4,1,5,2,61,50,13,14,12
"15222",15222,1,1,3,4,4,4,5,4,2,1,5,5,4,3,3,4,4,4,5,4,70,81,12,4,14
"15223",15223,2,2,5,2,4,1,5,4,1,4,5,4,4,5,4,4,5,2,5,1,69,60,11,6,13
"15224",15224,5,5,2,4,4,4,5,5,2,4,4,5,5,4,5,4,4,3,4,2,80,83,4,9,14
"15225",15225,4,4,2,2,5,3,3,4,1,1,5,5,2,4,5,4,3,5,5,1,68,73,13,14,8
"15226",15226,2,4,4,1,3,2,5,4,1,2,4,3,2,3,3,2,3,3,5,1,57,64,9,8,9
"15227",15227,1,3,2,2,1,2,4,3,2,2,5,3,2,2,3,3,2,3,5,1,51,52,12,11,11
"15228",15228,2,3,2,2,4,3,5,4,1,3,4,3,3,3,4,4,4,3,5,2,64,49,12,10,14
"15229",15229,1,3,4,2,4,5,5,1,1,2,5,1,1,1,1,5,5,1,5,2,55,51,13,8,15
"15230",15230,4,2,2,2,4,3,2,2,1,4,4,4,2,4,4,3,4,2,2,2,57,64,8,12,15
"15231",15231,3,1,4,4,1,5,4,2,4,3,2,4,4,3,4,5,2,1,4,3,63,48,12,9,13
"15232",15232,2,2,4,3,4,4,5,4,1,2,4,5,2,4,2,5,4,1,5,4,67,68,11,11,12
"15233",15233,4,5,3,5,4,4,4,4,4,4,5,4,5,5,4,4,5,4,5,3,85,82,10,7,13
"15234",15234,4,4,4,5,4,4,5,4,2,4,5,4,4,4,4,4,5,5,4,1,80,79,12,11,10
"15235",15235,4,4,4,5,5,5,5,5,2,5,5,2,4,5,5,5,5,4,5,1,85,72,13,9,14
"15236",15236,2,3,2,2,3,3,4,2,1,2,4,3,4,3,5,1,4,1,3,4,56,60,9,8,15
"15237",15237,2,1,2,4,5,2,1,2,2,1,5,4,1,5,4,4,5,2,5,1,58,53,13,10,17
"15238",15238,4,4,2,4,5,2,4,2,2,2,5,4,2,4,5,1,5,2,4,1,64,72,12,10,16
"15239",15239,1,2,1,2,4,2,5,2,1,3,5,5,2,3,4,5,4,2,5,1,59,78,6,9,10
"15240",15240,3,4,4,5,4,5,5,4,5,4,5,5,5,4,4,4,5,4,5,3,87,104,9,7,11
"15241",15241,5,5,5,4,5,5,5,5,5,1,5,5,5,5,5,5,5,5,5,5,95,89,14,5,14
"15242",15242,4,2,5,2,4,5,5,1,1,1,5,5,4,3,4,4,2,2,5,4,68,60,14,9,10
"15243",15243,2,4,3,3,2,2,4,1,1,4,4,4,1,3,3,2,4,2,4,1,54,53,10,10,15
"15244",15244,4,4,5,2,4,4,4,2,2,2,5,2,5,3,2,1,5,4,5,2,67,68,14,7,11
"15245",15245,4,4,2,2,2,2,4,2,1,2,5,4,1,4,1,2,3,4,4,1,54,47,13,12,12
"15246",15246,4,4,2,4,4,4,4,4,1,4,5,5,2,5,4,4,3,2,5,5,75,63,9,9,17
"15247",15247,4,5,4,1,2,5,5,4,1,2,5,2,5,5,5,5,5,5,5,5,80,82,2,9,8
"15248",15248,1,1,5,5,1,1,1,1,1,1,5,1,1,5,3,5,1,1,1,1,42,42,6,9,13
"15249",15249,5,5,2,2,5,3,4,5,3,4,2,3,2,4,5,4,2,5,5,5,75,73,10,12,15
"15250",15250,2,1,4,4,4,2,5,3,1,2,5,4,4,4,5,2,5,4,5,1,67,65,10,10,10
"15251",15251,2,4,5,4,4,2,5,3,4,2,4,4,4,4,4,5,5,4,5,1,75,80,9,13,12
"15252",15252,5,1,4,5,1,5,5,5,4,4,5,5,4,4,5,5,5,5,5,2,84,92,8,2,15
"15253",15253,4,4,4,1,5,5,5,4,1,5,5,4,4,4,4,5,5,5,5,3,82,79,11,6,19
"15254",15254,1,1,1,1,1,1,2,1,2,4,4,1,5,1,1,1,3,4,5,1,41,71,10,8,13
"15255",15255,1,3,2,1,1,2,2,1,1,3,5,4,1,3,3,5,2,2,5,1,48,54,11,8,6
"15256",15256,3,2,4,4,4,4,1,4,2,4,4,5,2,4,2,5,5,4,5,1,69,60,8,11,13
"15257",15257,1,4,5,2,1,5,5,2,2,1,5,4,2,2,4,4,2,1,5,1,58,56,8,8,15
"15258",15258,5,4,5,2,1,5,5,1,5,5,4,4,2,5,3,5,5,5,5,1,77,88,14,11,10
"15259",15259,4,1,5,5,5,5,5,5,1,5,5,5,1,5,2,5,1,5,5,1,76,81,4,12,10
"15260",15260,4,1,5,3,2,5,5,5,2,2,4,5,2,5,2,5,5,4,5,1,72,86,12,4,16
"15261",15261,5,2,5,2,5,5,5,2,2,1,4,5,5,4,5,1,5,4,5,1,73,74,13,13,12
"15262",15262,5,4,1,2,4,5,5,5,4,5,5,4,4,5,5,1,5,1,5,4,79,79,14,7,13
"15263",15263,4,4,5,4,4,5,5,4,3,2,4,3,4,4,4,5,5,5,5,1,80,72,11,9,9
"15264",15264,5,5,3,4,4,5,5,5,5,5,5,5,5,5,5,4,5,4,5,4,93,93,8,2,6
"15265",15265,1,4,2,1,1,4,5,1,1,1,2,1,1,4,1,2,5,1,2,1,41,45,13,12,17
"15266",15266,5,5,5,5,5,5,5,5,5,5,5,5,5,5,5,5,5,5,5,3,98,91,13,6,12
"15267",15267,2,2,3,1,2,2,4,4,1,2,4,2,1,4,2,1,4,4,4,1,50,48,10,9,13
"15268",15268,3,5,5,4,3,5,5,5,2,4,5,4,4,5,2,4,5,4,5,4,83,80,10,5,11
"15269",15269,1,1,5,2,2,5,5,2,1,4,1,2,1,4,2,2,3,2,5,1,51,44,12,8,14
"15270",15270,1,4,1,4,4,4,5,1,1,1,5,2,2,5,4,4,2,1,5,1,57,48,12,9,14
"15271",15271,3,2,1,4,3,5,5,4,4,3,5,2,2,5,1,5,2,4,5,2,67,52,9,8,10
"15272",15272,1,2,3,4,3,4,5,1,1,1,5,2,1,5,4,1,4,2,4,2,55,52,10,9,15
"15273",15273,1,3,1,3,2,1,3,4,1,1,4,5,1,4,1,2,3,3,4,4,51,44,6,10,13
"15274",15274,2,2,2,2,4,4,4,5,1,1,5,2,2,2,4,4,4,4,5,2,61,68,12,13,9
"15275",15275,5,5,5,5,5,5,5,4,1,5,5,5,5,5,5,5,5,5,5,1,91,97,11,4,10
"15276",15276,4,4,2,2,5,2,4,4,1,2,4,5,4,4,1,5,5,4,5,1,68,75,14,9,14
"15277",15277,5,5,4,1,2,5,5,2,2,4,5,5,5,1,5,4,5,2,5,1,73,75,9,12,11
"15278",15278,4,5,4,4,5,5,5,4,3,5,5,5,5,5,5,4,5,5,5,4,92,106,13,6,10
"15279",15279,5,5,5,5,4,5,5,5,2,5,5,5,5,4,4,5,5,5,3,1,88,98,14,8,8
"15280",15280,3,5,3,3,5,1,3,5,1,1,5,5,5,3,4,1,5,5,5,4,72,79,13,7,11
"15281",15281,2,3,3,1,4,5,4,2,1,2,4,4,1,1,1,4,4,2,5,3,56,44,8,9,16
"15282",15282,2,1,1,3,2,2,2,3,1,3,5,4,2,4,2,5,2,4,5,1,54,67,14,10,15
"15283",15283,3,3,5,1,1,5,5,4,1,2,5,4,4,5,3,5,1,5,5,1,68,75,13,9,15
"15284",15284,5,4,5,3,5,5,5,4,5,3,5,5,3,4,4,5,5,5,5,1,86,91,9,9,17
"15285",15285,1,3,5,1,1,5,5,1,1,2,4,4,1,2,4,4,4,4,5,1,58,69,13,5,14
"15286",15286,1,2,2,3,2,3,2,2,1,2,4,1,1,4,2,2,4,3,4,3,48,36,11,10,16
"15287",15287,3,1,5,5,4,3,5,3,2,1,5,4,1,5,1,5,5,1,5,4,68,73,12,12,16
"15288",15288,5,5,5,5,5,5,5,5,5,5,5,5,5,5,5,4,2,2,4,5,92,91,10,3,4
"15289",15289,1,1,4,2,5,5,5,1,1,3,5,4,4,4,1,5,5,5,5,1,67,66,13,10,11
"15290",15290,3,4,5,3,5,5,5,3,1,2,5,4,5,5,5,3,2,4,3,4,76,76,10,14,16
"15291",15291,1,5,1,1,1,4,3,5,1,1,4,1,5,4,5,5,5,5,5,1,63,63,12,7,11
"15292",15292,1,1,2,2,1,4,4,1,1,1,5,1,1,2,4,5,1,1,1,1,40,37,12,10,18
"15293",15293,3,4,4,3,2,3,3,4,3,1,4,3,4,5,4,2,2,4,5,1,64,60,12,8,9
"15294",15294,4,4,4,2,4,4,4,5,2,5,3,4,4,5,4,4,5,4,3,1,75,78,13,13,11
"15295",15295,2,4,4,2,2,5,5,1,1,2,5,4,2,2,1,1,3,2,5,2,55,47,12,7,10
"15296",15296,5,1,1,1,5,1,1,1,1,1,5,5,1,1,5,5,5,5,1,5,56,64,8,14,11
"15297",15297,5,5,5,3,4,3,5,4,3,4,5,5,4,5,4,5,1,5,5,2,82,94,13,13,15
"15298",15298,5,5,5,5,5,5,5,5,5,5,5,5,4,5,5,5,5,4,5,3,96,102,11,4,9
"15299",15299,5,5,4,5,5,5,4,5,5,5,5,5,5,5,4,1,4,4,5,5,91,84,8,3,12
"15300",15300,4,4,3,3,4,5,5,4,3,3,5,1,5,4,4,5,4,5,5,4,80,88,13,13,6
"15301",15301,1,1,4,2,3,4,5,2,1,1,5,1,3,4,2,4,5,4,5,2,59,58,12,12,11
"15302",15302,3,4,3,1,2,4,5,5,1,4,5,2,1,3,1,5,3,4,5,1,62,45,10,9,11
"15303",15303,2,1,4,4,3,4,5,2,1,1,4,5,1,1,2,4,5,4,5,1,59,40,13,9,8
"15304",15304,5,5,1,2,5,1,5,1,5,2,1,1,5,5,4,5,4,5,5,5,72,68,7,7,12
"15305",15305,5,5,3,3,5,5,4,5,1,2,5,5,4,5,5,5,4,4,3,3,81,77,11,12,12
"15306",15306,1,4,2,2,1,5,5,1,1,1,4,1,1,3,4,2,5,1,5,1,50,40,13,7,16
"15307",15307,5,4,1,4,4,2,1,2,1,3,1,3,4,4,3,4,3,3,5,1,58,53,10,10,16
"15308",15308,5,5,5,5,5,4,5,5,5,5,5,5,5,5,5,4,5,5,5,5,98,102,11,2,9
"15309",15309,3,2,1,1,3,1,3,3,2,3,4,4,4,3,2,2,2,2,1,3,49,45,10,12,9
"15310",15310,4,4,4,3,5,5,5,4,3,5,5,5,2,4,3,5,4,3,5,5,83,81,12,8,14
"15311",15311,3,2,3,3,2,3,4,2,2,2,4,1,1,3,4,3,2,2,4,1,51,51,10,10,14
"15312",15312,5,5,5,5,5,5,5,1,5,5,5,5,4,5,5,5,1,5,5,5,91,113,8,7,13
"15313",15313,2,2,1,4,2,2,2,5,1,2,2,5,1,5,3,5,3,1,5,3,56,64,12,10,16
"15314",15314,4,2,3,2,4,4,5,1,2,2,5,2,1,1,3,3,4,1,4,3,56,52,12,10,9
"15315",15315,5,5,5,5,5,5,5,5,2,5,5,4,5,5,4,5,5,5,5,5,95,76,11,8,13
"15316",15316,4,4,1,4,5,3,4,4,1,3,5,5,5,5,2,2,5,4,5,4,75,63,9,11,13
"15317",15317,4,4,2,4,4,4,4,3,4,4,4,4,2,5,5,3,4,4,4,1,73,63,10,10,18
"15318",15318,3,5,5,5,5,5,5,5,4,4,5,5,4,5,4,5,5,4,2,3,88,105,11,7,14
"15319",15319,5,5,5,5,5,2,5,5,4,2,5,4,5,5,5,5,5,5,5,5,92,81,12,8,8
"15320",15320,2,3,3,2,2,3,4,2,2,2,2,2,4,4,2,3,3,3,4,2,54,47,9,9,13
"15321",15321,1,1,4,2,2,1,2,4,1,1,4,1,1,4,4,5,4,4,4,1,51,71,11,12,11
"15322",15322,1,4,5,3,4,2,5,1,1,5,3,2,1,4,3,5,1,1,5,1,57,62,8,10,15
"15323",15323,2,2,5,4,4,5,5,5,1,4,5,5,1,5,2,5,4,1,5,1,71,84,9,9,8
"15324",15324,5,1,4,5,4,5,4,5,1,1,5,5,4,5,3,2,2,3,5,1,70,56,14,13,10
"15325",15325,1,4,4,3,4,2,5,4,1,1,5,4,1,5,2,4,2,4,5,1,62,64,12,11,9
"15326",15326,3,5,2,5,5,3,4,2,1,2,5,5,2,5,3,2,4,4,5,5,72,73,12,13,14
"15327",15327,4,4,4,2,4,3,3,4,2,2,4,5,4,3,4,3,4,4,4,4,71,78,9,11,10
"15328",15328,5,5,5,2,2,5,5,2,5,5,2,5,2,5,5,2,5,5,5,1,78,64,8,2,10
"15329",15329,5,5,5,2,5,5,5,5,1,1,5,5,5,3,3,5,4,5,5,4,83,79,14,8,14
"15330",15330,4,4,1,5,1,4,5,3,5,2,5,5,4,5,5,5,4,5,5,1,78,83,10,13,16
"15331",15331,4,2,3,4,4,4,4,3,2,4,5,4,4,4,3,2,4,4,5,2,71,64,12,11,14
"15332",15332,3,4,5,3,5,4,2,4,4,2,5,4,4,4,4,5,4,2,5,2,75,68,5,6,10
"15333",15333,5,4,5,5,1,5,5,5,1,5,5,5,5,5,1,5,5,5,5,1,83,85,14,7,10
"15334",15334,5,1,3,5,1,4,5,4,5,4,3,3,4,5,4,5,1,5,3,1,71,77,14,9,7
"15335",15335,2,5,4,3,4,4,5,2,1,2,5,3,2,4,3,4,5,4,5,1,68,75,11,8,14
"15336",15336,4,5,3,5,4,5,4,4,4,1,4,5,2,2,5,4,4,4,5,1,75,67,9,9,10
"15337",15337,1,1,2,4,4,4,4,2,1,1,4,4,1,4,4,2,2,1,4,1,51,49,11,9,17
"15338",15338,5,5,3,5,1,5,5,3,3,5,5,5,5,5,5,5,4,5,5,4,88,79,12,7,12
"15339",15339,4,3,2,3,4,1,2,4,2,3,5,4,5,5,4,5,5,3,4,2,70,72,8,12,12
"15340",15340,1,2,1,3,1,1,1,1,1,1,5,2,1,4,3,4,5,3,5,1,46,39,13,9,13
"15341",15341,1,2,1,2,5,1,4,4,2,2,5,4,3,3,5,4,5,1,5,5,64,79,11,5,14
"15342",15342,1,2,1,4,3,4,2,1,2,2,1,2,1,3,5,3,3,1,3,1,45,53,10,10,14
"15343",15343,2,2,3,2,1,2,4,4,1,2,2,1,1,2,2,2,2,4,4,1,44,31,12,11,16
"15344",15344,5,1,5,1,5,5,5,5,1,1,5,5,1,5,1,5,5,5,5,5,76,67,14,8,8
"15345",15345,5,5,1,5,5,5,5,5,5,5,5,5,5,5,5,5,5,5,5,5,96,104,6,8,10
"15346",15346,4,2,3,5,5,4,5,4,3,5,5,5,1,5,3,5,5,1,1,5,76,67,8,11,8
"15347",15347,3,2,5,1,1,3,5,1,1,2,5,1,1,4,4,5,1,2,5,1,53,69,14,13,15
"15348",15348,2,2,3,2,1,4,4,2,1,1,4,4,1,4,2,2,1,3,4,1,48,69,9,13,16
"15349",15349,3,1,5,1,5,4,5,5,2,3,5,2,1,5,1,5,5,4,5,4,71,49,12,7,17
"15350",15350,2,2,2,1,2,2,2,2,1,3,4,2,4,2,2,1,4,2,4,2,46,40,9,12,14
"15351",15351,4,2,2,2,4,3,2,2,2,3,4,4,2,4,2,3,2,4,4,4,59,72,10,5,15
"15352",15352,2,1,2,2,2,2,4,1,1,1,4,1,1,2,4,1,4,2,5,1,43,59,10,12,8
"15353",15353,3,5,3,2,5,2,5,1,1,1,4,1,4,3,2,5,5,5,3,1,61,55,11,14,11
"15354",15354,3,4,1,2,5,2,2,5,1,1,5,4,2,5,4,1,4,4,5,5,65,70,14,8,14
"15355",15355,5,4,4,2,4,5,4,2,1,4,5,5,2,3,3,5,5,5,5,2,75,61,12,10,14
"15356",15356,2,4,1,3,3,1,2,2,1,1,3,4,2,4,3,2,1,4,3,1,47,63,10,14,10
"15357",15357,4,4,4,2,4,4,5,4,2,5,5,5,4,3,4,5,1,5,5,1,76,73,9,8,14
"15358",15358,5,4,5,2,5,5,5,2,2,2,4,5,4,5,5,2,1,2,5,1,71,77,13,13,12
"15359",15359,1,3,3,3,1,1,2,1,2,1,4,3,1,3,2,4,2,2,4,1,44,59,12,9,12
"15360",15360,4,4,4,1,5,5,5,4,2,2,4,5,4,5,2,5,5,5,5,4,80,83,13,13,10
"15361",15361,2,2,2,2,1,5,4,2,1,2,4,2,2,3,3,2,3,4,5,1,52,53,11,11,12
"15362",15362,4,1,3,2,2,5,4,4,1,3,4,1,1,2,1,3,4,1,5,2,53,63,7,13,11
"15363",15363,2,5,4,5,4,5,5,5,3,2,5,5,2,5,4,5,4,4,5,4,83,82,12,8,14
"15364",15364,3,4,2,4,4,2,4,2,1,1,4,4,2,2,3,4,4,1,5,2,58,44,10,5,9
"15365",15365,4,1,1,2,5,4,1,4,1,1,5,4,2,2,1,2,4,2,5,4,55,52,8,8,13
"15366",15366,5,5,1,2,4,5,2,5,1,2,3,5,1,1,3,4,4,2,4,4,63,64,13,8,9
"15367",15367,5,3,3,3,4,5,5,2,2,4,5,5,4,4,4,2,4,4,5,1,74,77,8,7,12
"15368",15368,5,5,4,4,5,3,5,3,5,3,5,4,3,3,4,5,3,5,5,4,83,85,11,8,11
"15369",15369,5,5,5,5,5,5,5,5,5,5,5,5,5,5,5,5,5,1,5,5,96,109,13,6,11
"15370",15370,2,4,4,1,2,2,2,2,2,4,2,2,4,2,2,2,3,2,4,2,50,45,11,12,9
"15371",15371,5,5,5,5,5,4,5,4,5,4,5,2,5,5,5,3,4,5,5,1,87,97,14,3,11
"15372",15372,4,3,3,1,5,4,3,3,1,3,5,5,3,5,1,5,5,4,5,1,69,51,13,11,9
"15373",15373,1,3,3,1,1,4,5,4,4,4,3,1,4,5,5,1,5,1,5,1,61,50,12,8,13
"15374",15374,5,5,5,5,3,5,4,5,1,1,5,1,2,3,3,4,2,5,5,2,71,71,13,10,17
"15375",15375,4,2,2,2,4,5,4,4,1,4,4,2,4,3,4,2,4,4,4,2,65,54,9,12,12
"15376",15376,4,2,2,3,4,2,2,2,1,2,4,4,4,3,2,2,2,3,4,2,54,59,8,6,8
"15377",15377,4,2,3,5,4,4,4,4,1,4,5,3,2,5,3,4,2,4,1,1,65,62,11,8,11
"15378",15378,3,5,1,5,5,4,1,4,4,4,5,4,5,5,5,5,1,5,5,5,81,85,8,6,11
"15379",15379,1,4,5,1,4,5,5,4,1,4,5,5,2,2,5,1,5,4,5,4,72,61,8,10,15
"15380",15380,4,3,1,3,4,4,1,2,1,2,3,3,5,2,1,5,4,4,4,1,57,54,14,4,15
"15381",15381,1,1,1,1,1,1,1,1,1,2,5,2,1,3,1,3,5,4,4,3,42,21,14,7,7
"15382",15382,3,3,2,3,3,2,4,4,2,3,4,5,3,5,4,3,5,4,5,1,68,65,14,11,14
"15383",15383,4,4,4,4,4,5,5,4,2,5,5,4,5,5,5,5,2,4,5,1,82,79,8,11,16
"15384",15384,4,1,5,5,4,5,5,5,1,1,5,5,4,5,4,5,5,4,5,5,83,82,14,5,9
"15385",15385,4,5,2,2,4,4,5,1,1,5,5,3,2,4,5,5,4,4,5,2,72,72,10,7,13
"15386",15386,2,5,1,2,3,1,3,1,1,1,4,4,1,3,1,2,3,1,2,1,42,51,13,12,16
"15387",15387,4,4,4,5,4,5,5,4,1,4,5,4,5,5,4,5,5,2,1,4,80,89,12,9,9
"15388",15388,5,5,2,5,5,4,4,4,5,5,4,5,5,3,5,3,4,5,5,2,85,93,14,8,12
"15389",15389,4,2,2,5,3,2,2,4,1,3,5,4,2,5,1,2,5,2,3,1,58,55,8,10,5
"15390",15390,1,1,3,5,4,5,5,1,1,1,5,1,1,5,1,5,1,3,5,1,55,60,14,9,6
"15391",15391,5,4,1,4,5,5,1,5,1,2,5,5,5,1,5,1,4,5,5,1,70,58,13,14,14
"15392",15392,5,4,5,5,5,4,5,5,1,5,5,5,5,5,2,5,5,5,5,3,89,86,13,11,15
"15393",15393,2,4,5,5,4,5,5,1,3,4,5,5,4,4,5,4,5,4,5,3,82,75,13,7,9
"15394",15394,2,2,2,2,2,2,1,4,2,3,3,2,1,1,2,2,3,3,5,4,48,48,12,7,8
"15395",15395,4,2,3,4,4,2,5,3,3,5,5,5,5,4,3,4,2,4,5,3,75,70,9,7,12
"15396",15396,3,3,2,3,4,3,3,4,2,2,4,4,2,4,4,1,3,4,4,3,62,61,12,8,13
"15397",15397,4,4,4,3,5,4,4,5,2,4,5,5,4,5,5,5,5,4,5,5,87,87,12,7,15
"15398",15398,3,1,1,1,3,5,5,1,1,1,5,2,1,4,4,2,2,4,5,1,52,55,8,9,15
"15399",15399,5,4,4,3,4,4,3,4,2,4,5,5,1,5,4,2,3,2,5,1,70,64,13,9,16
"15400",15400,2,2,3,2,2,4,4,2,1,3,4,1,1,1,4,1,2,1,4,1,45,27,9,9,9
"15401",15401,5,4,5,4,5,5,4,1,2,2,5,4,4,5,5,2,5,4,5,2,78,95,13,6,13
"15402",15402,2,2,2,4,1,2,2,1,1,1,5,2,2,3,5,2,2,4,5,1,49,56,11,8,14
"15403",15403,2,4,4,2,3,5,5,2,1,3,5,4,2,4,4,4,2,4,4,2,66,75,11,13,15
"15404",15404,2,4,4,2,4,5,5,4,2,2,4,5,2,4,4,4,4,4,5,1,71,59,9,9,14
"15405",15405,4,4,1,5,4,2,5,5,1,3,5,5,2,5,4,4,5,4,5,4,77,82,14,9,14
"15406",15406,4,2,5,2,4,4,4,2,1,1,5,4,1,2,1,2,5,4,5,1,59,55,9,9,13
"15407",15407,4,4,2,2,5,4,4,4,5,3,5,5,2,2,4,2,5,4,1,1,68,76,14,14,14
"15408",15408,1,3,4,2,4,5,4,1,1,2,4,2,1,4,4,5,3,2,5,1,58,48,8,11,10
"15409",15409,2,2,5,4,3,5,5,4,3,4,5,5,4,5,5,5,5,4,5,1,81,80,9,3,10
"15410",15410,1,2,4,2,4,1,4,4,1,2,5,1,2,3,4,4,4,2,5,1,56,72,7,12,18
"15411",15411,4,1,3,5,2,1,2,1,1,2,5,5,4,2,1,5,3,1,1,1,50,42,8,8,14
"15412",15412,2,2,2,4,4,4,4,2,1,1,5,4,2,5,1,4,4,2,4,1,58,47,12,12,12
"15413",15413,5,1,4,2,4,5,5,1,3,5,5,2,3,5,1,5,1,4,5,3,69,73,12,8,8
"15414",15414,5,5,4,5,5,4,5,5,3,5,3,5,5,5,4,2,5,4,5,5,89,86,11,6,11
"15415",15415,4,5,3,5,4,4,2,2,1,1,4,5,4,3,1,4,2,2,4,4,64,70,13,9,14
"15416",15416,1,4,2,1,1,2,2,1,4,2,3,1,1,3,5,4,4,2,3,2,48,53,13,12,7
"15417",15417,2,4,4,5,4,5,5,4,4,4,5,5,4,2,5,5,4,4,5,1,81,79,11,8,14
"15418",15418,5,3,5,3,3,5,5,1,1,1,5,5,1,5,5,2,1,4,5,1,66,78,13,13,10
"15419",15419,3,4,1,2,3,1,1,1,1,1,3,5,1,4,5,1,1,3,5,4,50,55,13,13,13
"15420",15420,2,4,4,3,2,4,5,1,2,2,5,3,2,3,3,4,4,4,4,1,62,45,9,12,10
"15421",15421,1,1,5,1,2,1,1,1,1,1,5,2,1,4,1,4,3,1,4,1,41,54,12,14,17
"15422",15422,3,5,2,1,2,2,3,3,1,3,4,2,1,2,4,2,2,3,5,1,51,45,9,9,14
"15423",15423,2,3,5,3,2,5,5,2,4,4,5,1,4,5,2,5,5,2,5,4,73,92,13,13,10
"15424",15424,5,2,5,4,4,5,5,2,1,2,4,5,5,2,1,4,4,3,5,1,69,59,13,8,14
"15425",15425,4,3,3,4,4,5,4,5,2,2,5,5,4,4,4,5,1,4,5,4,77,94,9,6,16
"15426",15426,1,1,2,4,2,2,3,2,1,1,4,2,1,5,1,2,4,3,3,1,45,64,13,13,14
"15427",15427,5,5,5,5,5,5,3,2,3,5,5,5,3,3,1,1,5,5,5,4,80,79,7,7,11
"15428",15428,5,4,4,4,3,5,4,5,2,2,3,4,1,4,3,5,2,4,4,1,69,62,14,9,14
"15429",15429,5,4,1,1,5,2,5,4,1,1,5,5,5,1,4,1,2,5,5,4,66,62,13,8,13
"15430",15430,2,4,2,3,2,4,4,2,2,4,5,2,1,4,4,5,4,4,5,2,65,63,10,10,13
"15431",15431,1,1,3,1,2,2,2,1,1,3,5,3,1,1,1,4,4,1,4,2,43,36,9,12,13
"15432",15432,1,2,2,2,3,2,2,1,1,2,3,5,2,4,2,3,3,2,5,1,48,50,12,11,15
"15433",15433,5,5,5,5,5,5,5,4,3,5,5,5,5,5,4,5,5,4,5,3,93,101,12,7,11
"15434",15434,2,4,1,4,4,4,2,2,4,2,5,5,4,5,4,5,4,2,1,2,66,83,9,9,9
"15435",15435,3,4,3,4,4,1,5,5,1,2,5,5,5,4,4,4,2,4,5,2,72,87,11,6,11
"15436",15436,2,2,5,5,2,5,5,2,2,4,5,5,5,3,4,5,5,4,4,3,77,77,8,12,6
"15437",15437,4,4,4,3,4,4,4,2,3,2,4,4,3,4,4,4,4,4,4,2,71,68,11,10,8
"15438",15438,2,4,5,2,2,4,4,2,1,1,5,4,3,2,3,2,2,2,5,1,56,60,13,12,15
"15439",15439,1,1,4,2,4,5,5,1,1,2,5,4,1,3,4,5,4,4,5,2,63,40,11,12,9
"15440",15440,4,3,2,4,4,5,5,4,2,2,4,2,3,3,3,5,4,3,4,2,68,73,11,11,12
"15441",15441,5,5,5,5,5,5,5,5,1,3,5,5,3,5,5,5,5,5,5,4,91,99,8,9,10
"15442",15442,1,1,1,5,1,1,2,1,1,1,5,1,4,5,1,1,5,1,1,1,40,46,6,14,10
"15443",15443,2,2,2,1,1,1,1,1,1,1,3,1,1,2,2,1,4,1,5,1,34,37,11,10,12
"15444",15444,4,5,2,5,5,5,5,5,2,5,5,1,4,4,5,1,5,5,5,2,80,82,11,4,10
"15445",15445,3,5,3,4,3,3,4,3,2,3,5,3,2,4,2,4,3,4,4,2,66,78,11,9,11
"15446",15446,1,3,1,1,1,1,1,5,1,1,1,1,5,2,4,5,2,1,3,1,41,38,12,8,13
"15447",15447,4,4,4,5,1,4,4,2,1,4,5,2,1,4,4,5,4,4,2,4,68,72,10,9,10
"15448",15448,3,2,2,2,2,4,2,3,1,3,4,2,2,4,1,1,2,4,1,3,48,52,7,11,13
"15449",15449,1,2,4,4,2,4,5,2,1,2,4,5,2,2,5,1,5,2,5,1,59,46,11,10,8
"15450",15450,3,3,5,5,4,5,5,5,1,3,5,5,5,5,3,5,5,2,5,1,80,75,12,6,14
"15451",15451,4,2,3,4,2,5,5,2,2,3,4,4,3,3,3,4,3,3,5,2,66,53,2,7,10
"15452",15452,2,2,2,1,5,1,2,1,1,1,3,4,2,2,2,3,2,2,4,1,43,36,11,13,10
"15453",15453,4,3,1,2,2,1,2,2,1,2,1,1,2,2,4,2,2,2,3,1,40,38,12,12,14
"15454",15454,5,5,3,5,5,5,2,2,2,2,5,5,5,4,4,4,1,5,1,4,74,70,13,9,13
"15455",15455,2,2,2,1,4,2,5,4,1,2,4,5,4,4,4,5,5,4,5,3,68,73,8,8,13
"15456",15456,1,1,2,1,1,3,1,1,1,1,4,2,1,3,1,1,1,3,5,1,35,22,13,11,17
"15457",15457,5,5,3,5,5,2,1,5,5,4,5,5,5,5,1,5,5,5,3,5,84,86,13,6,11
"15458",15458,3,4,4,4,4,3,2,3,3,3,5,4,3,4,4,4,2,4,5,2,70,90,9,11,8
"15459",15459,1,2,5,1,2,1,4,1,1,2,3,5,1,5,1,5,4,1,3,1,49,44,11,5,15
"15460",15460,1,3,3,1,2,2,4,1,1,1,2,1,3,1,4,2,2,2,3,1,40,38,11,14,8
"15461",15461,2,3,5,4,2,5,5,4,2,4,5,2,2,4,2,3,2,4,5,1,66,66,12,8,13
"15462",15462,1,1,5,1,1,2,2,1,1,5,4,2,1,4,3,4,2,2,5,1,48,52,12,8,12
"15463",15463,1,1,5,1,1,4,4,2,1,2,4,1,1,3,1,1,1,1,5,1,41,39,13,11,13
"15464",15464,1,1,1,1,1,1,1,5,1,1,1,1,1,2,1,1,1,1,1,1,25,49,12,8,10
"15465",15465,5,5,5,5,5,5,5,5,5,5,5,5,5,4,5,4,5,5,5,5,98,95,9,3,16
"15466",15466,5,5,2,5,4,4,4,2,2,4,4,4,1,5,4,5,2,2,4,1,69,70,12,7,18
"15467",15467,5,5,2,3,3,5,5,3,3,3,5,4,2,4,2,5,3,4,1,3,70,73,9,12,19
"15468",15468,5,5,1,1,5,1,1,5,1,1,1,5,5,1,5,1,1,5,5,5,60,75,6,6,18
"15469",15469,5,2,4,2,4,4,4,4,1,2,5,5,4,5,5,5,4,1,5,2,73,84,14,12,13
"15470",15470,2,4,4,4,4,5,4,4,2,4,5,4,2,5,4,4,5,3,5,1,75,80,11,5,13
"15471",15471,3,2,4,4,5,4,4,4,3,2,5,5,4,3,4,5,5,3,4,4,77,72,10,8,11
"15472",15472,5,5,2,3,4,4,4,2,2,4,5,4,2,4,4,2,4,4,5,2,71,87,14,10,14
"15473",15473,2,4,5,2,4,5,4,2,2,4,3,4,4,4,4,4,5,3,5,4,74,80,12,9,15
"15474",15474,3,4,4,2,2,4,4,4,4,4,2,4,4,4,5,4,4,4,4,4,74,83,7,9,12
"15475",15475,5,4,5,3,3,5,5,1,3,5,4,5,5,5,3,4,5,5,5,2,82,93,12,6,10
"15476",15476,4,1,5,1,4,4,4,1,5,1,4,2,2,4,2,1,2,4,2,1,54,57,13,14,11
"15477",15477,1,1,3,2,5,4,4,3,1,1,4,2,3,2,1,1,4,2,4,1,49,61,11,13,12
"15478",15478,2,3,4,2,4,2,4,4,1,2,5,5,2,4,1,1,5,4,4,4,63,71,12,14,11
"15479",15479,5,3,5,3,5,3,2,3,5,1,5,1,1,5,3,2,5,1,5,4,67,69,14,13,10
"15480",15480,2,4,4,2,3,4,5,4,2,4,4,2,4,2,4,5,4,4,5,2,70,55,11,7,9
"15481",15481,4,2,2,2,5,4,4,1,1,4,2,2,2,2,5,2,2,2,4,1,53,46,8,5,11
"15482",15482,5,4,4,2,5,5,4,1,1,2,5,5,1,4,2,5,2,2,4,1,64,60,11,11,11
"15483",15483,5,5,5,3,4,5,5,5,1,4,5,5,5,5,5,5,4,4,5,4,89,98,9,12,13
"15484",15484,1,3,5,3,1,5,5,2,2,2,4,3,2,5,3,4,5,3,5,2,65,62,13,5,15
"15485",15485,4,2,4,3,5,5,4,4,2,1,3,4,2,4,3,4,4,4,5,4,71,69,12,7,10
"15486",15486,5,5,3,5,4,2,4,5,3,4,3,4,3,2,4,2,4,5,5,1,73,69,9,3,13
"15487",15487,4,4,3,3,4,4,2,4,2,2,4,3,4,3,2,5,4,2,2,2,63,59,11,8,7
"15488",15488,1,3,4,4,3,5,5,5,1,3,5,4,2,5,3,4,4,3,4,2,70,59,13,6,14
"15489",15489,2,4,3,4,4,2,4,4,4,2,5,4,5,4,5,4,4,5,5,2,76,74,10,6,13
"15490",15490,5,4,5,5,5,1,5,3,2,4,5,5,5,5,5,5,5,5,5,3,87,104,9,8,11
"15491",15491,1,1,3,5,4,1,1,1,1,4,5,2,1,4,2,4,4,2,1,1,48,57,7,12,14
"15492",15492,4,2,4,2,4,5,5,1,4,2,4,4,1,2,4,2,5,5,5,2,67,82,9,8,9
"15493",15493,5,5,3,5,5,4,3,5,4,5,4,5,5,4,5,2,1,5,5,5,85,73,7,5,7
"15494",15494,4,4,3,2,2,2,4,4,2,2,3,3,2,3,5,1,4,2,5,2,59,65,10,11,15
"15495",15495,1,1,3,2,1,1,1,2,1,1,4,1,1,4,4,1,5,1,5,1,41,44,13,9,14
"15496",15496,2,5,1,4,5,2,5,4,5,4,5,5,5,5,3,4,2,5,5,1,77,76,10,6,15
"15497",15497,1,4,2,1,4,2,5,2,1,4,2,2,2,2,5,1,4,1,1,1,47,56,6,14,8
"15498",15498,1,4,5,4,4,5,5,4,2,2,4,4,2,2,4,5,5,4,5,2,73,79,12,12,12
"15499",15499,5,5,4,4,4,5,5,5,3,5,5,4,5,4,4,4,5,5,5,1,87,91,7,7,15
"15500",15500,4,5,1,4,2,5,5,4,1,5,5,4,1,4,4,1,5,5,4,2,71,54,12,9,9
