"","Q1A","Q2A","Q3A","Q4A","Q5A","Q6A","Q7A","Q8A","Q9A","Q10A","Q11A","Q12A","Q13A","Q14A","Q15A","Q16A","Q17A","Q18A","Q19A","Q20A","TIPI1","TIPI2","TIPI3","TIPI4","TIPI5","TIPI6","TIPI7","TIPI8","TIPI9","TIPI10","VCL1","VCL2","VCL3","VCL4","VCL5","VCL6","VCL7","VCL8","VCL9","VCL10","VCL11","VCL12","VCL13","VCL14","VCL15","VCL16","testelapse","T1"
"70501",1,1,5,1,5,5,1,2,4,2,5,1,1,5,1,5,5,4,1,2,2,7,2,3,6,1,6,6,4,5,1,0,0,1,0,0,1,1,0,0,0,0,1,0,1,1,"622",57
"70502",5,4,3,3,5,2,4,4,1,3,3,4,3,4,4,3,4,4,4,1,5,7,4,3,4,3,5,4,5,5,0,0,0,1,0,0,0,1,0,1,0,0,0,0,0,1,"268",68
"70503",5,5,5,5,5,5,5,5,3,5,5,5,5,5,5,5,5,5,5,5,1,2,2,7,6,1,1,3,7,3,1,1,1,1,1,1,1,1,1,1,1,1,1,1,1,1,"584",98
"70504",3,3,5,5,5,5,5,5,3,5,5,5,5,5,3,5,5,5,5,3,2,1,1,2,6,2,4,1,2,4,1,1,1,1,1,0,0,0,0,1,0,0,1,1,1,1,"133",90
"70505",4,3,5,5,5,3,4,4,3,3,5,5,5,3,4,1,2,4,3,3,3,5,5,1,4,2,3,7,1,4,1,1,0,1,1,1,0,0,1,1,1,0,0,1,1,1,"502",74
"70506",4,5,2,1,2,1,5,1,1,2,4,2,1,5,5,3,3,5,3,4,3,6,6,6,7,3,6,6,6,6,1,0,0,1,0,0,0,0,0,1,0,0,0,0,1,1,"489",59
"70507",5,5,5,5,5,5,5,5,5,1,5,5,5,5,5,5,5,5,5,5,5,1,7,7,5,2,7,7,7,7,1,1,1,1,1,0,0,1,0,1,1,0,1,1,1,1,"173",96
"70508",4,5,3,1,5,2,4,2,1,3,2,2,1,5,4,4,1,4,5,4,2,4,5,7,6,2,6,6,6,4,1,0,0,1,0,0,0,0,0,1,0,0,0,0,0,1,"1028",62
"70509",5,5,1,2,5,5,3,2,2,4,4,4,1,5,3,1,2,3,5,1,7,4,7,4,4,4,7,4,4,4,0,0,0,0,0,0,0,0,0,0,0,0,0,0,0,1,"826",63
"70510",3,3,4,2,5,5,3,4,2,4,5,4,1,3,3,5,5,4,5,1,1,2,4,4,6,2,4,4,4,2,1,1,0,1,1,0,1,0,0,1,0,1,1,1,1,1,"130",71
"70511",5,5,5,3,5,5,5,4,4,5,5,5,5,5,4,5,5,4,5,5,1,2,7,7,6,1,5,7,6,7,1,1,1,1,1,0,0,1,0,1,0,0,1,1,1,1,"326",94
"70512",4,5,3,4,4,5,4,1,4,1,5,5,3,4,3,4,4,3,5,1,6,2,7,5,7,6,4,6,5,6,1,1,0,1,1,0,0,0,0,1,0,1,1,1,1,1,"161",72
"70513",1,3,3,3,1,3,3,3,1,3,3,3,3,3,3,3,3,1,3,1,6,4,6,3,6,4,5,4,4,6,1,1,0,1,1,0,1,1,0,1,1,0,1,1,1,1,"365",50
"70514",5,5,5,5,4,5,5,4,5,5,5,5,5,5,5,1,5,5,5,3,3,2,5,3,5,4,2,5,5,7,1,1,0,1,1,0,1,0,0,1,1,0,0,1,1,1,"105",92
"70515",5,5,1,5,5,4,3,5,4,3,5,5,5,5,3,4,1,1,5,4,1,3,7,5,2,1,1,7,4,1,1,1,0,1,1,0,0,1,0,1,1,0,1,0,1,1,"242",78
"70516",2,4,2,2,1,2,5,2,1,3,4,2,1,2,4,4,1,3,4,1,7,7,6,7,4,6,7,3,7,4,1,1,0,1,1,0,0,1,0,1,0,0,1,1,1,1,"189",50
"70517",5,5,3,3,1,5,5,1,1,5,4,4,1,4,5,1,4,4,5,1,2,6,2,7,6,2,5,6,4,7,1,1,0,1,1,0,0,1,0,1,0,0,1,1,1,1,"100",67
"70518",5,5,4,5,5,5,4,5,4,4,5,5,4,5,5,5,5,4,5,4,6,2,5,6,7,6,3,7,4,7,1,1,0,1,1,0,0,1,0,1,0,1,0,1,1,1,"99",93
"70519",5,5,2,1,2,4,4,4,2,4,3,2,2,1,5,4,2,4,5,2,6,6,2,3,6,4,7,2,4,2,0,1,0,0,0,0,0,0,0,0,0,0,0,0,0,0,"180",63
"70520",5,5,5,3,5,5,5,3,4,4,5,5,5,5,5,2,5,4,5,4,5,3,7,3,7,3,3,6,6,5,0,1,0,1,0,0,0,0,0,1,0,0,0,0,1,1,"132",89
"70521",5,5,5,5,5,3,5,3,4,3,5,5,5,5,5,5,5,5,5,5,4,1,7,7,7,1,1,7,7,7,1,0,0,1,0,0,0,0,0,1,1,0,1,0,1,1,"185",93
"70522",1,1,5,1,1,1,1,1,1,1,1,4,1,1,1,1,1,1,5,1,6,6,7,5,6,1,7,5,7,3,1,0,0,1,0,0,0,0,0,1,0,0,0,0,1,1,"412",31
"70523",2,4,5,5,5,5,5,4,3,5,5,5,5,4,5,4,5,5,5,1,2,2,1,1,7,1,6,1,2,7,1,1,1,1,1,0,1,0,0,1,1,1,1,1,1,1,"152",87
"70524",3,4,1,3,4,2,5,1,1,2,5,4,4,4,4,5,4,4,5,1,3,3,7,2,5,3,6,3,2,4,1,1,0,1,1,0,1,1,1,1,0,0,1,1,1,1,"149",66
"70525",5,5,2,5,5,5,5,4,2,5,5,5,4,5,5,5,5,5,5,5,1,1,7,6,7,3,2,7,2,7,1,1,1,1,1,1,0,1,0,1,0,0,1,1,1,1,"366",92
"70526",1,1,2,2,2,2,2,1,1,1,5,2,1,4,4,2,5,2,5,1,6,5,6,3,6,6,7,4,6,5,1,1,1,1,1,0,0,0,0,1,1,0,1,1,1,1,"1435",46
"70527",3,2,4,2,4,5,5,4,4,4,5,5,3,4,5,5,5,2,5,5,3,5,4,7,6,1,4,3,5,6,1,1,1,1,1,0,0,0,0,1,0,0,1,1,1,1,"112",81
"70528",5,2,5,5,4,5,2,5,2,5,5,5,5,5,5,5,3,5,5,1,3,6,1,3,7,1,5,1,2,7,1,1,0,1,1,0,0,0,0,1,0,0,0,1,1,1,"631",84
"70529",5,5,4,5,4,5,5,3,3,4,5,3,4,5,5,4,5,5,5,2,7,1,7,2,7,3,6,6,3,7,1,0,0,1,1,0,0,0,0,1,0,0,0,1,1,1,"183",86
"70530",4,4,5,5,5,5,5,3,5,4,5,4,4,5,5,4,1,5,5,5,6,1,2,7,6,7,5,3,5,6,1,0,0,1,0,0,0,1,0,1,0,0,0,0,1,1,"177",88
"70531",5,2,5,4,5,4,4,4,2,5,5,3,4,3,3,4,5,5,3,3,4,4,5,4,6,2,5,4,6,4,1,1,0,1,1,0,1,0,0,1,0,0,1,1,1,1,"141",78
"70532",1,1,2,3,3,3,2,2,1,1,3,4,1,4,1,1,4,2,3,1,1,7,5,4,5,1,7,7,6,6,1,1,0,1,1,0,0,0,0,1,0,0,0,1,1,1,"173",43
"70533",4,5,4,3,4,4,2,4,1,2,5,5,4,5,4,4,4,5,5,3,5,6,7,4,6,2,5,6,5,5,1,1,0,1,1,0,1,0,0,1,0,0,0,1,1,1,"136",77
"70534",4,3,2,3,5,3,4,4,1,4,5,3,4,5,3,3,4,4,5,3,5,3,6,4,6,3,4,6,3,6,0,0,0,0,0,0,0,0,0,0,0,0,0,0,0,1,"205",72
"70535",4,4,3,4,5,3,4,4,2,4,3,5,4,4,4,4,3,4,4,2,2,3,6,4,4,1,3,6,5,2,1,1,0,1,1,0,0,1,0,1,0,0,1,1,1,1,"130",74
"70536",5,5,1,2,5,2,5,4,1,5,5,5,4,3,3,5,3,1,5,5,7,3,6,2,6,2,7,7,6,3,1,1,0,1,1,0,0,0,0,1,0,0,0,0,1,1,"719",74
"70537",2,2,4,1,4,2,2,4,1,1,2,4,1,2,3,2,4,4,5,1,4,6,7,3,7,3,7,4,3,7,1,1,0,1,1,0,0,1,0,1,0,0,0,1,1,1,"684",51
"70538",5,5,5,5,5,5,5,5,5,5,5,5,5,4,5,4,5,5,4,5,5,2,7,7,7,5,2,7,7,6,1,1,0,1,1,0,0,0,0,1,0,0,0,1,1,1,"141",97
"70539",5,4,1,3,5,1,1,4,1,1,1,5,5,2,1,1,5,5,1,1,5,7,5,2,6,2,6,3,5,3,1,1,0,1,1,0,0,0,0,1,0,0,0,0,1,1,"254",53
"70540",1,4,5,4,4,1,1,5,2,1,4,5,5,3,4,2,3,5,5,5,7,1,7,4,7,7,1,7,4,1,0,0,0,0,0,0,0,0,0,0,0,0,0,0,0,0,"139",69
"70541",4,4,4,4,4,4,5,4,2,4,5,5,4,5,5,4,4,4,4,4,5,3,3,6,5,2,3,2,6,4,1,1,0,1,1,0,0,0,0,1,0,0,1,0,1,1,"101",83
"70542",3,5,2,4,3,2,4,1,2,3,5,2,4,4,4,2,4,2,4,1,3,3,6,6,7,3,7,5,5,5,1,1,0,1,1,0,0,0,0,1,0,0,0,1,1,1,"115",61
"70543",4,3,2,2,5,2,1,3,1,2,4,4,3,2,3,2,4,4,5,3,2,6,5,4,6,1,6,3,4,4,0,1,0,0,0,0,0,0,0,0,0,0,0,1,0,1,"414",59
"70544",5,1,3,5,5,5,4,5,1,5,5,5,1,5,5,5,5,5,5,1,6,2,3,2,4,6,1,5,4,7,1,1,1,1,1,0,0,1,0,1,0,0,1,1,1,1,"107",81
"70545",5,5,5,3,5,3,5,5,5,5,5,5,5,5,5,5,5,5,5,5,1,1,7,7,6,3,1,1,7,7,1,1,1,1,1,0,0,1,0,1,0,1,1,1,1,1,"105",96
"70546",2,2,3,2,4,4,5,2,3,3,5,5,4,4,2,3,3,4,2,2,6,2,6,2,7,2,6,2,6,5,0,0,0,0,0,0,0,0,0,0,0,0,0,0,0,1,"310",64
"70547",4,2,2,2,4,5,5,5,2,4,5,4,4,5,4,1,4,5,5,2,6,2,3,2,5,6,3,3,3,5,1,1,1,1,1,1,0,1,1,1,0,0,1,1,1,1,"126",74
"70548",5,4,5,4,4,2,4,5,2,3,5,4,5,4,5,4,5,5,5,4,1,5,5,2,5,1,5,3,3,5,1,1,0,1,1,0,0,1,0,1,0,0,1,1,1,1,"93",84
"70549",2,4,1,2,1,5,4,5,1,4,4,5,1,5,4,5,5,4,5,1,2,3,7,3,6,2,6,7,6,7,1,1,1,1,1,0,0,1,0,1,0,1,1,1,1,1,"159",68
"70550",5,5,4,5,5,2,5,2,3,5,5,5,1,5,1,5,5,4,5,5,2,1,7,4,6,4,1,6,4,7,1,1,0,1,1,0,0,1,0,1,1,0,1,1,1,1,"200",82
"70551",5,4,3,4,4,3,5,5,2,4,4,4,5,5,5,5,5,5,5,4,6,3,2,3,7,2,4,2,4,7,1,1,0,1,1,1,0,0,0,1,0,0,1,1,1,1,"161",86
"70552",5,4,2,1,5,3,3,4,1,4,5,5,1,4,5,4,4,4,5,1,3,7,7,1,6,2,7,4,2,3,1,1,1,1,1,0,1,1,0,1,1,0,1,1,1,1,"103",70
"70553",4,1,4,5,4,4,4,2,1,3,4,5,2,2,4,4,3,3,5,1,4,7,7,2,7,1,7,7,5,7,1,1,0,1,1,0,0,0,0,1,0,0,0,1,1,1,"178",65
"70554",4,5,3,1,4,4,2,5,4,4,5,5,2,5,4,5,4,4,5,4,3,3,3,3,6,3,5,3,5,5,1,0,0,1,1,0,0,0,0,1,0,0,0,1,1,1,"135",79
"70555",4,1,3,3,5,2,3,1,2,3,2,4,2,4,2,4,2,4,4,1,6,6,6,3,7,4,7,7,4,3,1,1,0,1,1,0,0,0,0,1,0,0,0,0,0,1,"280",56
"70556",3,3,4,3,3,5,5,3,2,4,5,4,4,4,3,5,4,4,5,3,6,6,5,3,7,6,7,5,5,6,1,1,1,1,1,0,0,0,0,1,0,0,1,1,1,1,"135",76
"70557",2,2,4,2,2,4,5,2,2,4,5,2,1,4,2,2,4,4,4,2,1,6,5,3,6,1,6,5,6,6,1,1,1,1,1,0,1,1,0,1,0,0,1,1,1,1,"461",59
"70558",4,5,5,4,5,5,5,4,3,5,5,5,5,4,5,4,5,5,5,1,3,2,6,3,7,3,5,2,7,6,1,1,1,1,1,0,0,0,0,1,0,0,1,1,1,1,"185",89
"70559",4,5,1,5,5,2,4,2,1,2,5,4,3,3,4,2,4,4,5,5,1,5,1,1,5,3,7,1,1,6,1,1,1,1,1,0,0,1,0,1,0,0,1,1,1,1,"121",70
"70560",2,2,4,4,2,3,4,2,1,3,5,5,3,5,2,5,1,4,5,1,2,3,1,2,7,2,5,1,1,7,1,1,0,1,1,0,0,1,0,1,0,0,1,1,1,1,"207",63
"70561",4,5,4,2,5,4,5,1,3,4,5,5,5,5,5,5,1,5,5,1,1,6,5,1,7,1,5,2,6,6,1,1,0,1,1,0,0,0,0,1,0,0,0,0,1,1,"293",79
"70562",1,2,2,1,2,1,1,1,1,2,1,1,1,3,5,1,3,3,2,1,7,5,2,3,6,7,6,2,3,7,1,1,0,1,1,0,0,0,1,1,0,0,0,1,1,1,"98",35
"70563",1,4,1,2,1,2,4,1,1,4,4,1,1,2,4,3,4,3,5,1,2,2,7,2,6,3,5,7,4,5,1,1,1,1,1,0,1,1,0,1,1,0,1,1,1,1,"125",49
"70564",5,5,4,4,4,4,4,4,2,4,5,5,2,4,4,2,4,4,2,2,2,2,5,3,3,5,3,2,5,3,1,1,0,1,1,0,0,0,0,1,0,0,1,1,1,1,"174",74
"70565",5,3,4,5,5,3,5,1,3,2,3,5,4,5,3,5,5,1,5,1,7,1,6,5,7,6,4,4,4,7,1,1,1,1,1,0,0,0,0,1,1,1,1,1,1,1,"159",73
"70566",5,4,5,5,5,1,2,5,2,5,5,5,1,5,3,5,2,4,5,5,5,2,7,1,6,1,2,3,3,7,1,1,0,1,1,0,0,0,0,1,0,0,0,1,1,1,"154",79
"70567",5,2,5,5,3,5,5,2,5,5,4,4,1,5,5,5,5,5,5,1,6,2,2,7,5,6,5,3,4,6,1,1,0,1,1,0,0,0,0,1,0,0,0,0,1,1,"141",82
"70568",5,2,5,5,4,5,3,5,5,4,5,5,5,3,1,5,5,5,5,5,7,2,7,3,7,2,4,2,6,7,1,1,1,1,1,0,0,0,0,1,0,0,0,1,1,1,"322",87
"70569",4,4,2,4,5,5,4,4,2,4,4,5,3,4,2,5,4,4,5,1,1,2,5,3,7,1,2,2,4,5,1,1,1,1,1,1,0,1,0,1,0,0,1,1,1,1,"284",75
"70570",5,5,3,2,5,5,5,2,3,3,5,5,5,4,5,5,5,5,5,1,1,6,6,1,1,3,6,6,5,5,1,1,1,1,1,0,0,1,0,1,0,0,1,1,1,1,"109",83
"70571",5,5,2,2,5,5,5,4,3,3,5,5,4,3,3,5,4,5,5,2,5,1,7,5,7,1,5,3,6,7,1,1,1,1,1,0,1,1,0,1,1,1,1,1,1,1,"326",80
"70572",2,2,2,4,5,2,4,4,1,2,5,5,4,4,4,1,5,2,5,1,3,3,5,2,5,2,7,3,3,3,1,1,1,1,1,0,1,0,0,1,1,0,1,1,1,1,"101",64
"70573",2,1,1,2,1,1,1,2,1,2,3,5,1,3,1,2,1,1,3,1,5,3,6,2,5,5,3,2,2,5,1,1,1,1,1,0,0,0,0,1,0,0,0,1,1,1,"291",35
"70574",5,5,4,4,4,5,5,4,4,5,5,4,4,5,5,4,5,5,5,4,2,3,6,3,5,2,4,5,3,6,1,1,1,1,1,1,1,1,1,1,1,1,1,1,1,1,"93",91
"70575",5,4,5,4,3,5,5,5,2,1,5,2,4,4,4,4,3,5,5,1,1,2,5,6,7,2,2,7,6,3,1,1,0,1,1,0,0,1,0,1,0,0,0,1,1,1,"146",76
"70576",1,1,2,1,3,2,3,1,1,1,5,1,1,4,2,1,1,4,3,1,5,4,7,3,7,6,7,7,3,7,1,1,0,1,1,0,0,0,0,1,1,0,1,1,1,1,"503",39
"70577",3,3,3,5,5,4,4,4,3,3,4,5,1,4,3,5,4,3,3,3,2,4,4,4,4,2,5,2,4,3,1,1,0,1,1,0,0,0,0,1,0,0,1,1,1,1,"284",72
"70578",4,4,5,4,4,5,5,2,4,5,5,1,4,4,5,5,4,2,5,4,2,6,5,7,6,2,1,3,5,6,1,1,1,1,1,0,1,1,0,1,0,0,1,1,1,1,"100",81
"70579",5,4,4,5,5,4,3,5,3,3,5,4,4,5,3,5,5,5,5,2,1,4,5,5,5,1,4,4,6,5,1,1,0,1,1,0,0,0,0,1,0,0,1,1,1,1,"107",84
"70580",4,4,2,2,4,4,4,4,2,3,4,4,3,3,4,4,5,5,3,3,3,5,5,2,5,2,4,3,5,5,1,1,0,1,1,0,0,0,0,0,0,0,1,1,1,1,"87",71
"70581",5,5,2,5,1,5,5,1,1,2,2,5,1,5,3,5,2,2,1,2,1,7,1,1,1,1,3,7,2,1,0,0,0,1,0,0,0,0,0,0,0,0,0,1,0,1,"225",60
"70582",1,2,3,2,1,1,2,2,1,1,3,1,5,3,3,1,4,3,2,1,6,7,3,6,6,5,5,5,6,5,0,0,0,0,0,0,0,0,0,0,0,0,0,1,0,1,"166",42
"70583",4,5,3,3,1,1,1,2,1,1,2,2,2,4,5,4,3,4,5,1,2,1,1,3,5,2,6,1,3,3,1,1,0,1,1,0,0,1,0,1,0,0,1,1,1,1,"93",54
"70584",5,4,4,3,5,5,5,4,2,5,4,5,5,4,5,5,4,5,5,1,7,6,5,7,6,6,6,6,7,7,1,1,1,1,1,0,0,0,0,1,1,0,1,1,1,1,"102",85
"70585",3,4,2,3,2,2,5,2,1,4,5,4,1,2,4,4,5,5,5,1,2,3,3,2,7,2,7,4,2,3,1,1,0,1,1,0,0,0,0,1,1,0,1,1,1,1,"118",64
"70586",1,1,5,1,1,2,4,2,1,1,2,1,4,2,5,5,5,1,5,2,6,3,5,6,7,6,6,3,5,3,1,1,0,1,1,0,0,0,0,1,0,0,1,1,1,1,"214",51
"70587",1,3,4,3,1,5,5,4,1,3,5,3,2,5,3,4,4,1,5,1,2,5,6,7,4,3,4,6,6,5,1,1,0,1,1,0,0,1,0,1,0,0,1,1,1,1,"259",63
"70588",1,1,1,2,2,1,1,1,1,1,4,1,1,1,4,4,5,2,5,2,6,7,7,3,6,7,7,7,6,5,1,1,0,1,1,0,0,0,0,1,0,0,1,1,1,1,"169",41
"70589",4,2,4,4,4,4,4,4,2,2,5,5,1,4,2,4,4,1,4,2,2,6,7,5,6,5,7,5,5,5,1,1,1,1,1,0,1,0,0,1,1,0,1,1,1,1,"144",66
"70590",1,4,3,2,2,4,4,4,1,2,5,5,1,4,4,5,3,1,5,1,5,7,2,3,5,1,7,1,3,4,1,1,0,1,1,0,0,0,0,1,0,0,1,1,1,1,"453",61
"70591",1,1,4,2,1,2,4,4,1,2,4,4,2,4,4,4,4,4,5,1,7,6,7,4,4,7,6,7,2,5,1,1,1,1,1,0,1,1,1,1,0,0,1,1,1,1,"183",58
"70592",4,2,2,2,4,1,3,2,1,2,4,4,4,4,2,2,4,2,4,5,5,4,5,5,6,3,6,5,6,6,1,0,0,1,1,0,0,0,0,1,0,0,0,0,1,1,"226",58
"70593",4,3,2,4,5,2,1,5,2,2,5,5,5,5,4,2,5,4,5,5,2,2,5,1,6,1,3,3,3,3,1,1,0,1,1,0,0,0,0,1,1,0,1,1,1,1,"178",75
"70594",2,2,2,1,2,1,1,1,1,1,2,1,2,2,1,1,4,1,5,2,3,6,3,3,6,2,6,2,3,6,1,1,1,1,1,0,1,1,0,1,0,0,1,0,1,1,"274",35
"70595",5,4,4,5,4,4,5,2,4,5,5,5,2,5,5,3,5,5,5,3,5,4,5,3,3,7,5,1,6,6,1,1,1,1,0,0,0,0,0,1,0,0,1,1,1,1,"242",85
"70596",3,4,4,4,4,2,4,4,2,3,4,4,1,4,5,5,3,4,4,1,3,3,3,2,4,3,1,7,3,5,0,1,0,1,1,0,0,0,0,1,0,1,1,0,1,1,"84",69
"70597",2,1,4,2,2,2,4,2,1,2,4,2,4,4,4,1,4,2,4,1,5,2,6,3,3,3,6,5,6,5,1,1,0,1,1,0,1,0,0,1,0,1,0,1,1,1,"911",52
"70598",2,2,2,1,1,1,2,1,1,1,2,1,1,1,1,1,1,1,1,1,7,7,6,5,6,7,7,5,5,6,1,1,1,1,1,0,1,0,0,1,1,1,1,0,1,1,"132",25
"70599",2,2,2,1,2,1,2,1,1,1,3,1,1,2,1,2,2,1,5,1,7,3,3,3,6,6,7,3,4,5,1,1,1,1,1,0,0,1,0,1,0,0,1,1,1,1,"132",34
"70600",3,5,3,2,4,5,5,4,3,4,5,3,2,3,4,5,2,4,5,3,2,3,5,1,5,2,5,1,4,2,1,1,1,1,1,0,0,1,0,1,0,0,1,1,1,1,"153",74
"70601",2,4,5,2,4,4,4,4,1,1,5,2,1,2,2,4,5,2,4,1,5,3,4,5,6,6,6,1,5,6,1,1,1,1,1,0,0,0,0,1,0,0,1,1,1,1,"148",59
"70602",5,5,5,5,5,5,5,5,5,5,5,5,5,5,5,5,3,5,5,1,3,7,6,7,7,2,1,4,7,7,1,1,0,1,1,0,0,0,0,1,0,1,0,1,1,1,"62",94
"70603",5,5,4,4,4,2,4,4,2,4,5,5,5,5,5,3,5,4,5,5,7,2,7,4,6,5,7,5,7,7,1,1,1,1,1,0,1,1,1,1,0,1,1,1,1,1,"136",85
"70604",2,5,1,2,4,2,4,2,3,5,5,1,1,4,3,2,2,3,5,2,6,5,4,5,6,4,6,5,5,6,1,1,0,1,1,0,0,0,0,1,0,0,0,1,1,1,"170",58
"70605",5,4,3,4,5,4,5,4,1,4,4,5,5,5,5,2,5,4,5,3,7,2,5,3,7,6,5,2,3,6,1,1,0,1,1,0,0,0,0,1,0,0,1,1,1,1,"133",82
"70606",2,3,2,2,5,2,3,2,2,3,5,4,2,3,3,4,2,2,5,2,1,3,6,6,5,2,7,6,6,6,1,1,0,1,1,0,0,0,0,1,0,0,1,1,1,1,"114",58
"70607",4,1,5,1,4,1,5,1,1,1,3,1,1,2,1,3,5,1,5,1,5,6,5,6,6,3,6,3,5,3,1,1,1,1,1,0,1,1,0,1,0,0,1,1,1,1,"166",47
"70608",5,5,5,5,5,5,5,3,2,5,5,5,5,5,5,2,5,5,5,1,1,2,7,1,5,1,3,2,1,6,1,1,0,1,1,0,1,1,0,1,0,0,1,1,1,1,"104",88
"70609",5,2,1,2,4,1,1,4,1,1,4,2,5,5,5,2,4,2,5,2,2,3,6,6,6,2,7,6,6,2,1,1,0,1,1,0,0,0,0,1,0,1,1,1,1,1,"193",58
"70610",2,4,4,4,3,4,5,4,3,3,4,5,2,3,3,5,5,4,5,2,1,2,5,1,4,1,4,3,4,6,1,1,0,1,1,0,0,1,0,1,0,0,1,1,1,1,"141",74
"70611",4,1,2,4,4,2,5,5,4,2,4,4,5,2,4,2,5,4,5,2,5,2,7,3,6,3,2,7,7,5,1,1,1,1,1,1,1,1,1,1,1,1,1,1,1,1,"178",70
"70612",5,5,2,5,3,4,5,3,3,4,3,1,5,3,3,5,1,4,2,4,4,1,4,3,3,1,1,4,6,5,1,0,0,1,1,0,0,0,0,1,0,0,0,1,1,1,"191",70
"70613",2,3,1,3,4,2,2,3,1,2,5,2,3,4,1,4,4,2,3,2,2,7,5,3,6,2,6,7,6,2,1,1,0,1,1,0,0,0,0,1,0,0,0,0,1,1,"480",53
"70614",5,5,5,5,5,5,4,5,4,5,5,5,5,5,4,5,5,5,5,5,6,3,6,6,6,5,5,6,5,3,1,1,1,1,1,1,0,1,0,1,1,1,1,1,1,1,"85",97
"70615",5,3,1,5,5,5,5,4,2,5,5,5,5,4,4,5,5,4,5,5,1,6,2,3,6,4,3,2,3,6,1,1,1,1,1,0,0,0,0,1,0,0,1,1,1,1,"88",87
"70616",5,5,5,4,3,3,5,4,3,3,5,5,4,5,5,3,5,5,4,1,7,3,4,6,5,6,4,7,6,6,1,1,1,1,1,0,0,0,0,1,0,0,1,1,1,1,"116",82
"70617",5,4,3,2,3,1,4,4,2,2,3,4,4,4,4,4,3,4,4,4,7,2,5,3,7,6,6,4,5,3,1,0,0,1,1,0,0,0,0,1,0,0,0,0,1,1,"259",68
"70618",2,4,4,1,1,4,5,2,2,2,4,4,1,4,4,4,3,4,5,1,1,6,1,2,1,2,5,2,3,3,1,1,0,1,1,0,1,0,0,1,0,0,1,1,1,1,"126",61
"70619",2,2,4,2,3,1,4,2,4,4,2,1,2,4,4,3,3,1,4,3,6,5,5,5,6,3,6,4,4,6,1,1,0,1,0,0,0,0,0,1,0,0,0,0,1,1,"595",55
"70620",4,5,2,3,2,4,4,5,1,4,5,4,4,3,2,5,5,5,5,5,2,7,2,3,7,3,3,2,2,4,1,1,1,1,1,0,0,1,0,1,0,0,0,1,1,1,"171",77
"70621",2,4,4,4,2,5,5,5,4,2,4,4,4,5,2,5,2,4,5,4,3,2,2,3,1,6,3,2,1,2,1,1,0,1,1,0,0,0,0,1,0,1,1,1,1,1,"127",76
"70622",5,5,4,5,4,5,5,3,3,5,5,5,1,5,4,4,4,4,4,1,6,2,7,2,5,3,5,5,7,4,1,1,0,1,1,0,0,0,0,1,0,0,1,1,1,1,"216",81
"70623",5,4,5,4,4,2,5,2,4,4,5,5,5,2,2,4,2,5,5,2,2,4,3,5,6,7,4,5,7,6,0,0,0,0,0,0,0,0,0,0,0,0,0,1,0,1,"290",76
"70624",5,5,3,4,5,5,5,1,5,4,3,5,1,3,4,3,4,3,5,4,2,6,6,6,4,1,5,4,6,5,1,0,0,1,0,0,0,1,0,1,0,0,0,0,1,1,"152",77
"70625",1,5,1,1,3,3,3,1,1,1,5,5,1,1,5,1,1,3,1,1,7,6,6,1,7,7,6,3,3,7,1,0,0,1,1,0,0,0,0,0,0,0,0,1,1,1,"146",44
"70626",4,1,4,5,4,2,5,5,2,4,5,4,5,4,4,2,4,5,4,3,6,4,7,4,5,4,4,4,4,6,0,1,0,1,1,0,0,1,0,1,0,0,1,1,1,1,"224",76
"70627",2,5,4,3,5,2,3,4,1,3,5,5,1,5,4,3,5,4,5,2,5,3,4,5,4,3,5,6,5,7,1,1,0,1,1,0,0,1,0,1,0,0,1,1,1,1,"216",71
"70628",4,5,4,5,4,5,5,2,3,4,5,5,1,4,4,5,3,4,5,2,2,3,6,5,6,1,7,2,7,7,1,1,0,1,1,0,0,1,0,1,0,0,0,1,1,1,"147",79
"70629",5,4,2,5,5,4,4,5,1,1,4,5,5,4,5,5,5,5,5,4,1,3,5,2,5,1,6,5,2,2,0,0,1,0,1,0,1,1,0,0,1,0,0,1,0,0,"150",83
"70630",3,4,3,4,4,1,4,5,2,2,4,5,2,5,3,4,4,4,5,2,4,1,5,2,7,4,5,7,3,6,1,1,0,1,1,0,0,0,0,1,1,0,0,1,1,1,"141",70
"70631",5,5,4,5,5,4,5,4,3,5,5,5,4,5,4,4,5,4,5,4,1,1,4,3,3,1,1,5,3,7,1,0,0,1,0,0,0,0,0,1,0,0,1,0,1,1,"184",90
"70632",4,1,5,5,3,5,5,4,4,5,5,4,4,5,1,5,5,3,5,4,6,1,6,7,7,2,1,2,4,7,1,1,0,1,1,0,0,0,0,1,0,1,0,1,1,1,"138",82
"70633",3,2,3,5,5,5,4,1,4,4,5,5,1,5,5,5,4,5,5,3,4,4,7,1,7,4,7,7,6,7,1,0,0,1,1,0,0,0,0,1,0,0,0,1,1,1,"336",79
"70634",1,2,5,3,4,5,5,2,3,4,5,4,4,5,5,5,5,2,5,3,6,5,4,7,6,4,6,2,7,5,1,1,0,1,1,0,0,0,0,1,0,0,1,1,1,1,"112",77
"70635",3,4,5,4,3,5,5,2,5,4,5,4,3,5,4,5,5,5,5,2,2,4,5,2,7,3,5,4,2,6,1,1,1,1,1,0,1,1,0,1,1,0,1,1,1,1,"184",83
"70636",1,4,3,3,4,4,4,1,2,2,5,1,1,4,1,5,5,4,5,1,6,3,6,4,7,7,4,3,3,7,1,1,1,1,1,0,0,1,0,1,0,0,1,1,1,1,"144",60
"70637",1,1,2,3,2,1,3,4,1,4,1,5,1,2,1,1,2,1,5,1,6,3,6,3,7,3,4,6,3,7,1,1,0,1,1,0,0,0,0,1,0,0,0,1,1,1,"167",42
"70638",1,1,5,1,2,3,1,1,1,1,5,1,1,2,1,5,5,5,5,5,5,2,5,1,6,1,3,1,2,3,1,1,0,1,1,0,0,0,0,1,0,0,1,1,1,1,"86",52
"70639",4,4,2,2,3,2,3,3,2,3,3,4,4,2,4,2,3,3,3,3,5,3,5,2,6,1,7,7,6,6,0,0,0,0,1,0,0,0,0,0,0,0,0,1,0,1,"118",59
"70640",5,5,1,1,5,1,1,5,1,1,1,5,5,1,5,1,1,5,5,5,7,1,7,1,7,1,7,1,7,1,0,0,0,1,1,0,1,0,0,1,0,0,0,0,0,0,"69",60
"70641",2,4,1,3,2,2,1,1,1,1,4,2,1,4,4,1,3,2,4,2,7,6,6,1,6,5,6,5,3,7,1,1,1,1,1,0,0,0,0,1,0,0,1,1,1,1,"191",45
"70642",5,3,4,2,4,2,4,1,2,5,5,4,3,4,5,5,4,4,5,2,3,7,6,4,5,6,6,6,7,1,1,1,0,1,1,0,0,0,0,1,0,0,0,1,1,1,"170",73
"70643",4,2,2,2,4,2,2,4,2,2,4,4,2,4,2,2,4,2,2,2,3,3,5,3,6,3,6,3,7,5,1,1,1,1,1,1,0,1,0,1,0,0,1,1,1,1,"143",54
"70644",4,5,2,1,4,2,1,2,1,1,4,5,5,2,2,1,5,4,3,5,2,3,5,3,6,1,7,7,2,6,1,0,0,1,1,0,0,0,0,1,0,0,0,1,1,1,"196",59
"70645",2,2,2,5,4,1,3,5,1,3,4,1,1,2,4,1,3,3,5,2,5,7,6,6,6,4,7,5,6,2,1,0,0,1,1,0,0,1,0,1,0,0,1,1,1,1,"182",54
"70646",4,4,2,5,4,3,3,2,2,4,3,5,5,5,4,4,4,3,5,1,1,2,7,2,7,1,5,5,4,6,0,1,0,1,1,0,0,1,0,1,1,0,1,1,1,1,"113",72
"70647",5,5,1,1,5,4,2,5,2,4,5,4,5,5,5,4,5,4,4,2,3,2,5,2,3,6,2,5,5,3,0,0,0,0,1,0,0,0,0,1,0,0,0,0,0,1,"135",77
"70648",2,1,5,1,5,4,1,1,3,1,5,5,5,5,1,5,5,1,1,1,4,3,6,4,6,1,5,5,4,6,1,1,0,1,1,0,0,0,0,1,0,0,1,1,1,1,"143",58
"70649",2,4,5,3,4,5,5,3,3,2,5,4,4,4,3,4,3,5,5,2,4,1,6,7,7,6,4,4,7,6,0,0,0,0,1,0,0,0,0,0,0,0,0,1,0,1,"186",75
"70650",4,4,2,2,2,1,2,2,2,2,4,4,4,4,2,2,3,4,4,1,7,5,7,3,7,7,6,3,6,1,1,1,0,1,1,0,0,0,0,1,1,0,1,1,1,1,"152",55
"70651",4,5,5,5,5,5,5,2,5,5,5,5,1,5,2,5,1,5,1,5,5,2,1,3,7,1,7,6,3,5,1,0,0,1,1,0,0,0,0,1,0,0,0,0,1,1,"141",81
"70652",4,3,3,1,3,3,4,2,2,2,3,2,4,4,4,1,3,3,4,2,4,3,5,3,7,2,4,4,4,6,1,1,0,1,1,0,0,1,0,1,1,0,0,1,1,1,"114",57
"70653",2,3,2,5,4,4,5,5,3,5,5,4,4,5,4,4,5,1,5,5,6,1,6,1,6,3,4,5,2,7,1,1,0,1,1,0,0,0,0,1,0,1,1,1,1,1,"97",80
"70654",2,5,2,4,3,4,5,4,2,1,2,2,4,3,4,2,5,4,5,5,5,6,5,3,7,4,6,3,1,6,1,1,0,1,1,0,0,0,0,1,0,1,0,1,1,1,"123",68
"70655",5,3,4,5,5,2,5,5,2,5,4,5,5,3,3,5,3,2,5,5,5,2,3,3,5,7,6,2,1,5,1,1,1,1,1,0,0,1,0,1,0,0,1,1,1,1,"72",81
"70656",1,5,1,2,1,2,5,1,1,5,4,4,5,4,4,2,5,1,1,1,6,5,3,7,6,7,7,3,3,5,1,1,1,1,1,0,0,0,0,1,0,0,1,1,1,1,"266",55
"70657",4,4,4,4,4,4,4,2,1,2,5,4,1,4,2,5,4,4,5,1,1,3,6,1,5,1,2,6,5,6,1,1,1,1,1,0,1,1,0,1,1,0,1,1,1,1,"136",68
"70658",2,3,2,2,5,3,3,1,1,5,4,2,2,4,4,1,4,2,2,1,6,6,6,6,7,5,6,5,6,5,1,0,0,1,1,0,0,0,0,0,0,0,0,0,0,1,"268",53
"70659",3,2,4,4,5,2,4,4,1,2,5,3,4,4,4,4,4,4,5,1,5,3,6,1,7,5,5,6,2,6,1,1,0,1,1,0,0,0,0,1,0,0,1,1,1,1,"131",69
"70660",4,2,1,2,4,4,4,5,3,4,3,4,3,5,4,2,3,4,4,1,4,3,6,2,7,1,5,6,5,5,1,1,0,1,1,1,1,0,0,1,1,1,1,1,1,1,"187",66
"70661",3,3,1,2,5,1,5,3,1,1,5,1,1,1,5,1,1,2,5,5,7,5,7,6,6,3,7,5,5,6,0,0,0,0,1,0,0,0,0,1,0,0,0,1,0,1,"236",52
"70662",5,5,3,4,5,1,1,4,1,1,5,4,4,4,1,4,5,3,1,3,2,3,6,1,6,1,5,3,3,3,1,1,1,1,1,0,0,0,0,1,0,0,1,1,1,1,"148",64
"70663",5,5,1,1,5,1,3,5,3,1,2,4,5,2,1,3,4,5,2,5,5,4,5,1,6,3,6,2,3,2,1,1,1,1,1,1,1,1,0,1,0,1,1,1,1,1,"132",63
"70664",2,2,4,4,2,4,5,4,3,4,4,4,1,5,3,3,1,1,5,2,6,6,7,5,6,3,6,6,6,6,1,1,0,1,1,0,0,0,0,1,0,0,0,1,1,1,"707",63
"70665",1,4,4,4,1,2,4,2,1,1,5,2,1,4,5,4,3,3,5,4,6,3,6,5,6,7,7,6,2,6,1,1,0,1,1,0,0,0,0,1,0,0,0,1,1,1,"185",60
"70666",5,5,5,5,5,5,5,5,5,4,4,5,5,5,5,5,4,5,4,4,6,3,6,6,7,5,5,6,6,6,1,1,1,1,1,0,0,1,0,1,0,0,1,1,1,1,"100",95
"70667",4,5,5,5,4,4,4,4,4,4,5,5,4,4,4,4,5,5,4,2,6,2,7,6,7,6,5,7,6,7,1,1,1,1,1,0,1,1,1,1,1,0,1,1,1,1,"133",85
"70668",5,5,4,1,5,5,2,5,5,4,4,1,1,5,5,1,1,1,1,1,7,2,7,5,6,7,7,2,3,3,1,0,0,1,1,0,1,0,0,1,1,0,1,1,1,1,"614",62
"70669",2,1,3,1,2,2,4,2,1,1,4,4,3,4,3,4,2,4,3,1,2,7,6,6,5,1,6,6,6,3,1,1,0,1,1,0,0,0,0,1,0,0,1,1,1,1,"223",51
"70670",3,4,2,3,5,1,4,2,1,1,5,1,4,4,5,4,5,3,4,1,7,6,4,6,1,5,5,7,3,7,1,0,0,1,0,0,0,0,0,1,1,0,1,0,1,1,"444",62
"70671",2,4,2,4,3,2,3,3,3,2,4,3,2,3,2,3,4,3,4,1,4,4,4,2,5,7,5,6,3,4,0,0,0,1,0,0,0,0,0,0,0,0,0,0,1,1,"115",57
"70672",1,2,2,3,4,4,4,4,1,1,4,1,5,3,2,4,4,2,5,1,2,2,6,1,5,3,6,3,2,4,1,1,0,1,1,1,0,0,0,1,0,0,1,1,1,1,"98",57
"70673",1,1,1,4,4,2,4,4,1,4,5,1,2,5,2,5,5,4,5,1,1,5,6,1,6,5,5,5,3,1,1,1,0,1,1,0,0,0,0,1,0,0,1,1,1,1,"196",61
"70674",5,5,5,1,1,5,5,5,3,4,3,5,5,5,4,5,5,3,5,4,5,4,6,6,6,6,5,7,6,7,1,1,0,1,1,0,0,1,0,1,0,0,1,1,1,1,"156",83
"70675",5,5,5,2,4,5,5,5,4,5,5,5,5,4,5,5,5,5,5,3,3,2,7,7,7,2,1,3,6,7,1,1,1,1,1,0,0,0,0,1,0,0,1,1,1,1,"155",92
"70676",5,5,5,5,5,4,5,5,1,5,5,5,1,5,5,1,2,5,1,5,7,1,5,1,2,4,5,6,4,4,1,1,1,1,1,0,0,1,0,1,0,0,1,1,1,1,"149",80
"70677",2,4,4,1,4,4,4,4,4,4,3,4,1,1,3,4,3,1,4,1,3,5,3,3,5,6,5,6,3,5,1,1,1,1,1,0,0,0,0,1,1,0,1,1,1,1,"170",60
"70678",2,5,4,3,4,2,4,4,2,1,4,4,5,4,1,5,1,4,5,2,3,3,3,6,7,1,6,3,7,6,1,1,0,1,0,0,0,0,0,1,0,0,0,1,1,1,"144",66
"70679",1,2,1,1,2,2,2,1,1,2,4,4,4,2,2,3,4,4,5,1,2,3,6,1,6,1,7,7,3,6,1,1,0,1,1,0,0,0,0,1,0,0,1,1,1,1,"163",48
"70680",4,4,2,2,5,5,5,4,2,2,4,5,2,4,4,5,4,5,5,1,4,3,3,3,6,5,6,1,4,4,1,1,0,1,1,0,0,0,0,1,0,0,1,1,1,1,"92",74
"70681",1,5,4,4,5,4,4,3,3,2,5,4,4,5,4,5,3,5,5,2,7,6,3,5,7,6,6,2,5,7,1,1,0,1,1,0,0,1,0,1,0,0,1,1,1,1,"137",77
"70682",1,1,1,1,4,4,4,1,1,1,1,4,2,2,1,4,1,1,5,1,5,3,5,2,7,3,6,2,2,5,1,1,0,1,1,0,0,0,0,1,0,0,1,1,1,1,"258",41
"70683",4,2,3,4,5,2,1,1,2,2,5,4,5,4,4,5,4,4,4,1,5,2,7,5,5,6,5,7,6,3,1,1,1,1,1,0,0,1,1,1,0,0,1,1,1,1,"117",66
"70684",5,4,2,4,5,5,5,2,2,2,4,4,4,4,1,1,5,2,5,2,5,1,7,1,1,3,7,7,1,6,1,1,1,1,1,0,0,0,0,1,0,0,0,1,1,1,"223",68
"70685",3,3,4,5,4,5,2,4,4,2,5,5,4,5,4,5,1,5,5,5,6,3,6,5,7,5,3,3,3,4,1,1,0,1,1,0,0,1,0,1,1,1,1,1,1,1,"98",80
"70686",3,1,3,4,4,2,4,1,1,2,2,2,1,3,3,2,5,2,5,1,4,2,3,2,6,4,5,3,6,4,0,0,0,0,0,1,0,0,0,1,0,0,0,0,0,1,"494",51
"70687",5,4,1,4,4,1,1,2,1,1,4,5,1,4,3,2,4,2,5,2,4,4,7,2,4,3,5,7,4,6,0,0,0,0,0,0,0,0,0,0,0,0,0,0,0,0,"274",56
"70688",3,4,2,4,4,2,3,4,2,1,5,4,1,5,4,2,4,3,3,1,5,4,4,4,5,7,6,4,7,5,1,1,1,1,1,0,0,1,0,1,0,0,1,1,1,1,"224",61
"70689",5,5,5,5,5,5,5,5,5,5,5,5,5,5,5,5,5,5,5,5,3,1,7,1,7,3,1,3,5,3,1,1,0,1,1,0,0,0,0,1,1,0,1,1,1,1,"130",100
"70690",4,3,2,4,2,4,5,5,2,4,5,2,5,4,3,3,4,4,1,1,4,3,7,3,5,1,2,3,7,1,1,0,0,1,1,0,0,0,0,1,0,0,0,0,1,1,"150",67
"70691",3,4,5,5,4,4,5,5,2,4,5,4,4,5,4,1,5,5,5,3,3,2,2,1,7,4,5,2,1,4,1,1,0,1,1,0,0,0,0,1,0,0,1,1,1,1,"98",82
"70692",4,5,1,4,4,1,2,3,2,2,5,2,4,5,5,2,4,5,4,1,1,6,2,7,4,1,3,2,7,3,1,1,1,1,1,0,0,1,0,1,1,0,1,1,1,1,"144",65
"70693",1,1,5,1,1,1,4,2,1,1,3,1,1,3,2,2,3,1,5,1,4,4,6,3,7,7,6,6,6,4,1,1,0,1,1,0,0,0,0,1,0,0,1,1,1,1,"222",40
"70694",5,4,4,4,4,5,4,4,4,5,5,3,5,5,4,4,5,4,5,4,6,3,5,3,3,3,2,3,3,6,1,1,0,1,1,0,0,0,0,1,0,0,1,0,1,1,"282",87
"70695",1,1,3,3,3,2,3,3,1,1,5,1,1,4,1,4,1,5,5,1,2,5,6,4,7,2,6,5,6,6,1,1,1,1,1,0,1,1,0,1,1,0,1,1,1,1,"230",49
"70696",5,5,5,5,5,5,5,4,5,4,5,5,2,5,5,5,1,5,5,4,1,2,7,1,5,2,2,1,1,6,1,1,0,1,1,0,0,1,0,1,0,1,0,1,1,1,"128",90
"70697",2,2,5,1,3,2,4,1,2,5,1,5,1,1,5,5,5,4,5,1,6,6,6,3,5,2,6,6,6,2,1,1,0,1,0,0,0,0,0,1,0,0,0,0,1,1,"393",60
"70698",5,5,5,4,5,5,5,4,5,5,4,5,5,5,4,3,5,4,5,5,5,1,4,7,3,6,1,3,6,1,1,1,0,1,1,0,0,0,0,1,0,0,1,1,1,1,"319",93
"70699",5,5,5,4,5,3,5,5,3,4,5,5,3,5,3,5,3,5,5,5,5,6,1,7,6,3,2,1,7,7,1,1,0,1,1,0,0,0,0,1,0,0,1,1,1,1,"131",88
"70700",2,4,3,4,3,2,3,1,1,1,3,1,1,4,1,4,2,1,5,3,5,2,5,2,5,6,6,7,6,6,1,1,1,1,1,0,0,1,0,1,0,0,1,1,1,1,"217",49
"70701",3,3,1,4,4,1,1,3,1,1,5,4,1,3,3,1,1,4,4,1,3,5,5,6,5,3,6,5,3,7,1,1,0,1,1,1,1,0,0,1,0,1,0,1,1,1,"228",49
"70702",4,5,5,5,5,5,5,5,5,5,5,5,5,5,5,5,5,5,5,1,5,3,2,7,6,4,4,2,6,5,1,1,0,1,1,0,0,0,0,1,0,0,1,1,1,1,"107",95
"70703",1,1,4,4,5,2,5,1,1,2,4,2,4,5,4,4,5,4,5,2,2,3,6,2,5,4,5,6,2,2,1,1,0,1,1,0,0,0,0,1,0,0,1,1,1,1,"93",65
"70704",2,3,4,4,4,3,3,4,1,2,5,2,2,4,3,2,4,2,4,3,5,4,4,3,6,5,6,3,5,2,1,1,0,1,1,0,0,0,0,1,0,1,0,1,1,1,"1269",61
"70705",3,5,5,5,5,4,3,4,3,5,5,5,1,5,5,5,3,4,5,2,4,2,7,7,7,2,5,3,6,6,0,0,0,0,0,0,0,0,0,1,0,0,0,0,0,0,"451",82
"70706",4,1,3,3,5,2,2,5,2,2,4,5,5,4,2,2,2,4,5,2,1,2,7,1,6,4,2,7,6,2,1,1,0,1,1,1,0,0,0,1,0,0,1,1,1,1,"83",64
"70707",1,2,5,2,2,2,4,3,1,1,1,2,1,1,3,5,4,1,5,4,5,6,7,6,7,2,6,7,7,7,1,1,1,1,1,0,1,0,0,1,1,0,1,1,1,1,"146",50
"70708",2,3,3,1,1,1,1,3,1,1,4,2,1,2,4,1,2,4,5,1,5,3,5,6,6,3,6,3,6,6,1,1,0,1,1,0,1,0,0,1,1,0,1,1,1,1,"145",43
"70709",5,5,3,5,5,5,5,4,5,5,5,5,5,5,5,5,5,2,5,1,2,5,6,7,5,1,4,6,6,2,1,1,1,1,1,0,0,1,1,1,0,1,1,1,1,1,"129",90
"70710",1,1,4,3,1,1,4,3,1,3,5,5,5,2,4,4,5,5,5,1,5,7,6,6,6,3,6,2,6,2,1,0,0,1,0,0,0,0,0,1,0,0,0,1,1,1,"1563",63
"70711",5,5,5,5,5,5,1,5,5,5,5,5,5,5,5,5,1,5,5,5,5,2,5,2,5,3,3,3,5,7,0,1,0,0,0,0,0,0,0,0,0,0,0,0,1,0,"270",92
"70712",5,3,1,1,5,1,1,1,1,1,5,5,1,3,3,5,3,1,5,1,6,7,6,3,6,4,6,3,5,2,1,0,0,1,0,0,0,0,0,1,0,0,0,0,1,1,"582",52
"70713",4,5,4,5,4,3,4,2,4,4,3,2,5,4,4,4,3,4,5,3,2,3,1,3,6,1,4,2,6,7,0,1,0,1,1,0,0,1,0,0,0,0,1,1,1,1,"124",76
"70714",1,1,1,2,4,1,4,1,1,1,5,2,1,3,1,1,1,1,2,1,3,7,5,3,6,5,7,2,1,7,1,1,1,1,1,0,0,0,0,1,1,0,1,1,1,1,"156",35
"70715",1,1,2,1,1,1,2,1,1,1,5,4,1,2,1,1,4,1,5,1,2,7,6,7,4,3,6,7,6,5,1,1,1,1,1,1,0,0,0,1,0,0,1,1,1,1,"212",37
"70716",2,3,2,3,5,5,5,4,3,3,4,4,5,4,4,5,5,2,5,5,7,6,7,3,7,3,6,6,6,7,1,1,0,1,1,0,0,0,0,1,0,0,0,0,1,1,"571",78
"70717",1,4,1,2,1,2,4,2,1,3,4,2,2,2,4,1,5,3,4,1,7,5,5,3,6,7,6,2,5,7,1,1,1,1,1,0,1,0,0,1,1,1,1,0,1,1,"94",49
"70718",4,1,5,1,4,5,5,4,1,2,4,4,4,5,4,4,4,1,5,2,6,3,7,3,7,5,5,6,7,3,1,1,1,1,1,0,0,0,0,1,0,0,1,1,1,1,"187",69
"70719",2,4,2,3,4,2,3,5,1,4,5,4,2,4,2,1,4,4,5,1,6,6,6,2,6,6,2,7,5,5,1,1,1,1,1,0,1,1,0,1,0,0,1,1,1,1,"153",62
"70720",5,2,3,3,3,3,4,2,1,1,3,4,3,5,4,4,4,2,5,1,5,3,6,3,7,4,5,5,6,6,1,1,0,1,1,0,1,1,0,1,0,0,1,1,1,1,"380",62
"70721",3,4,3,3,4,2,5,4,2,4,3,4,4,4,3,2,4,2,5,1,3,1,6,3,7,5,2,4,3,6,1,1,1,1,1,0,0,1,0,1,0,0,1,1,1,1,"160",66
"70722",4,4,4,1,2,4,4,2,2,1,2,4,1,4,2,4,4,2,5,4,2,7,7,6,3,1,5,6,6,5,1,1,1,1,1,0,1,0,0,1,0,0,1,1,1,1,"111",60
"70723",5,5,1,3,5,2,1,5,1,1,5,1,1,4,4,5,4,4,1,1,6,5,6,1,7,6,6,4,3,3,1,1,0,1,1,0,0,0,0,1,0,0,0,0,1,1,"184",59
"70724",2,1,3,4,3,5,5,5,3,4,4,4,1,5,5,4,3,1,5,1,1,5,3,7,4,1,5,1,4,3,1,1,1,1,1,0,0,1,0,1,1,0,1,1,1,1,"125",68
"70725",2,4,1,1,3,2,5,4,1,1,3,4,1,2,3,2,3,1,4,1,2,7,5,6,5,1,6,6,6,4,1,0,0,1,0,0,0,0,0,1,0,0,0,0,0,1,"432",48
"70726",2,2,3,3,2,1,1,3,1,1,4,4,3,4,2,4,3,1,5,1,5,2,5,3,7,4,6,3,4,6,1,1,0,1,1,0,0,0,0,1,0,0,1,1,1,1,"263",50
"70727",3,1,1,3,5,1,4,1,1,4,4,4,2,4,5,2,4,1,5,1,6,4,6,4,6,2,7,4,5,4,0,0,0,0,0,0,0,0,0,0,0,0,0,0,0,1,"328",56
"70728",4,4,4,2,4,1,1,1,2,2,5,5,4,2,4,2,5,5,5,3,1,2,1,1,2,2,2,1,1,3,1,1,1,1,1,0,0,0,0,1,1,0,1,1,1,1,"145",65
"70729",5,5,5,5,5,5,1,5,5,5,5,5,5,5,5,5,1,5,5,5,1,7,7,7,1,1,1,7,7,1,1,1,0,1,1,0,0,0,0,1,0,0,0,0,1,1,"416",92
"70730",3,5,3,2,5,5,4,5,4,4,4,5,4,4,4,4,4,5,1,2,6,7,7,7,7,3,5,5,7,7,1,1,1,1,1,0,0,0,0,1,0,0,1,1,1,1,"137",77
"70731",3,2,2,1,1,2,2,4,1,1,2,2,4,3,4,2,2,4,3,2,6,4,7,5,5,5,5,6,4,4,1,1,0,1,1,0,0,0,0,1,0,0,1,1,1,1,"158",47
"70732",5,5,4,4,5,2,5,2,1,1,1,2,4,5,5,2,1,5,5,5,7,3,7,3,7,4,7,7,4,7,0,0,0,0,0,0,0,0,0,0,0,0,0,0,0,0,"1530",69
"70733",1,1,4,3,2,2,2,1,1,1,5,5,4,5,3,2,3,5,5,4,4,2,4,6,6,6,2,4,2,7,1,0,0,1,0,0,0,1,0,1,0,0,0,0,0,1,"252",59
"70734",5,5,3,3,5,3,3,5,2,4,5,5,5,2,3,3,1,4,5,1,4,5,3,1,6,3,4,2,1,5,0,1,0,1,0,0,0,0,0,1,0,0,0,1,1,1,"167",72
"70735",4,2,5,5,4,3,3,3,3,2,4,5,3,3,4,3,5,4,5,4,2,1,6,3,4,5,4,6,6,6,0,1,0,1,1,0,0,0,0,1,0,0,1,1,1,1,"170",74
"70736",5,5,5,5,4,5,5,4,4,1,5,5,2,3,4,5,4,5,2,1,7,5,2,2,7,3,4,1,4,7,0,1,0,0,1,0,0,0,0,0,0,0,0,0,1,0,"204",79
"70737",1,4,2,3,3,2,4,1,1,1,5,1,4,5,4,5,4,1,4,1,1,3,6,1,2,3,5,5,3,3,1,1,0,1,1,0,0,1,0,1,0,0,1,1,1,1,"108",56
"70738",5,1,1,5,2,5,4,2,1,1,5,4,4,5,1,4,1,5,3,2,2,7,6,2,5,2,7,6,6,5,1,1,1,1,1,1,0,1,0,1,1,0,1,0,1,1,"340",61
"70739",4,4,2,4,5,2,4,1,5,2,5,5,1,4,4,4,3,2,1,1,2,7,5,3,6,2,3,7,5,6,0,0,0,0,0,0,0,0,0,0,0,0,0,0,0,0,"495",63
"70740",2,4,1,4,5,1,1,4,1,1,3,3,4,4,3,3,3,4,4,4,2,3,7,3,7,1,6,5,6,6,0,0,0,0,0,0,0,0,0,0,0,0,0,1,0,1,"247",59
"70741",4,4,4,2,4,4,4,1,4,2,5,2,1,4,2,5,5,2,5,1,5,1,2,2,6,2,5,3,3,2,1,0,0,1,0,0,0,1,0,1,0,0,0,0,0,1,"584",65
"70742",4,4,4,2,3,3,4,4,2,2,3,4,3,4,4,3,3,4,4,1,3,5,5,2,5,1,6,5,5,5,1,1,1,1,1,0,0,0,0,1,0,0,1,1,1,1,"120",65
"70743",4,4,3,5,5,4,5,4,3,4,5,5,4,5,3,5,5,4,5,2,1,2,7,7,4,1,1,6,7,3,1,1,1,1,1,0,1,1,0,1,1,0,1,1,1,1,"104",84
"70744",5,5,4,5,5,2,5,5,2,5,5,5,4,5,5,5,5,5,5,5,6,1,6,3,6,5,6,6,4,2,1,1,0,1,1,0,0,0,0,1,0,0,0,1,1,1,"192",92
"70745",2,2,2,4,2,1,3,2,2,1,4,1,5,3,3,1,5,4,5,1,2,3,4,3,7,5,5,1,2,7,1,1,0,1,1,0,0,0,0,1,0,1,1,1,1,1,"1385",53
"70746",2,1,2,3,3,1,2,2,1,3,4,2,1,2,3,2,3,3,5,2,7,6,6,2,7,7,7,3,1,7,1,1,0,1,1,0,0,0,0,1,0,0,0,1,1,1,"216",47
"70747",2,2,4,2,5,1,1,3,1,3,3,3,4,4,2,4,4,4,5,1,5,5,3,6,6,4,7,3,6,4,1,1,0,1,1,0,0,0,0,1,0,0,0,1,1,1,"139",58
"70748",5,5,3,5,4,5,5,5,4,5,4,4,4,5,5,2,1,4,5,5,5,1,7,6,6,2,1,3,6,6,0,0,0,1,1,0,1,1,0,1,0,0,1,0,1,1,"148",85
"70749",1,4,1,1,2,1,2,1,2,2,4,2,4,2,2,5,3,2,4,1,5,5,7,6,6,6,7,7,7,6,1,1,0,1,1,0,1,1,0,1,0,0,0,1,1,1,"165",46
"70750",2,1,2,1,2,4,5,2,3,4,4,3,1,2,2,5,1,3,3,1,5,6,4,6,5,5,6,3,3,5,1,1,0,1,1,0,0,0,0,1,0,0,1,1,1,1,"351",51
"70751",5,5,3,3,4,3,4,2,2,3,3,4,5,4,5,4,1,3,5,1,6,2,6,3,7,3,4,2,3,3,1,1,0,1,1,0,0,0,0,1,0,0,1,1,1,1,"97",69
"70752",4,1,2,5,2,1,1,1,1,3,5,4,3,5,3,1,1,1,1,1,3,4,7,2,5,1,7,7,6,6,0,1,0,1,0,0,0,0,0,1,0,0,0,1,1,1,"943",46
"70753",1,4,2,4,4,1,1,2,1,1,4,4,1,5,2,2,4,1,4,4,6,5,6,6,7,6,6,7,2,3,1,0,0,1,0,0,0,0,0,0,0,0,0,1,1,1,"292",52
"70754",2,2,2,3,1,5,5,4,1,5,4,1,5,5,3,2,1,5,5,1,7,4,6,6,6,7,7,3,7,7,0,0,0,0,0,0,0,0,0,0,0,0,0,0,0,1,"179",62
"70755",3,3,1,3,2,3,4,1,5,1,1,3,1,1,3,1,3,2,5,1,7,2,5,1,5,3,5,5,7,5,0,0,0,0,1,0,0,1,0,1,0,0,0,1,1,1,"136",47
"70756",2,4,4,5,4,4,4,2,3,3,5,5,4,4,5,5,4,2,5,2,1,4,7,5,5,2,1,6,6,1,1,1,1,1,1,0,0,0,0,1,0,1,1,1,1,1,"120",76
"70757",3,4,2,2,3,3,4,2,1,2,4,3,2,2,3,2,3,4,4,1,3,6,5,5,6,3,6,3,6,6,1,1,1,1,1,0,0,1,0,1,0,0,1,1,1,1,"163",54
"70758",4,1,3,4,4,2,5,2,1,1,4,3,3,4,2,1,3,4,4,4,7,4,5,6,7,5,7,4,6,5,1,1,0,0,1,0,0,0,0,1,0,0,0,1,1,1,"239",59
"70759",3,1,1,2,2,2,3,2,1,3,4,1,3,4,4,3,4,5,3,2,6,5,4,2,6,3,7,1,4,6,1,0,0,1,1,0,0,0,0,1,0,0,0,1,1,1,"355",53
"70760",2,4,1,3,5,1,2,4,1,1,4,2,2,5,1,4,5,3,5,1,3,3,6,3,7,3,6,2,5,5,1,1,0,1,1,0,0,0,0,1,0,0,1,1,1,1,"161",56
"70761",1,2,4,1,1,1,4,1,1,2,2,1,4,2,5,4,1,1,1,1,2,7,7,6,6,2,7,6,7,5,1,1,1,1,1,0,0,1,0,1,0,0,1,1,1,1,"189",40
"70762",3,1,3,3,5,1,3,1,1,2,5,1,2,2,1,3,3,4,5,1,6,2,7,1,6,3,5,5,2,5,0,0,0,0,0,0,0,0,0,0,0,0,0,0,0,1,"176",50
"70763",3,2,5,3,3,3,3,3,1,1,4,2,2,3,3,1,5,2,1,1,5,4,6,1,7,7,5,4,3,5,1,0,0,1,1,0,0,0,0,0,0,0,0,0,0,1,"214",51
"70764",2,4,5,3,4,4,5,4,4,4,5,3,4,4,5,4,4,4,3,1,4,3,4,3,5,5,6,2,6,6,1,1,1,1,1,0,0,0,0,1,0,1,1,1,1,1,"134",76
"70765",2,5,4,3,4,4,5,5,2,4,4,2,4,2,4,2,4,5,5,1,5,1,7,3,7,7,5,1,3,6,1,1,0,1,1,0,0,0,0,1,0,1,0,1,1,1,"185",71
"70766",1,1,1,5,5,2,1,2,1,2,5,2,4,3,2,4,4,1,5,4,1,4,6,1,3,1,6,5,2,6,0,0,1,0,0,1,1,1,1,0,1,1,0,0,0,0,"100",55
"70767",4,5,5,4,5,5,5,1,4,1,5,5,5,5,5,5,5,3,5,1,6,1,3,3,7,2,3,3,1,6,1,1,0,1,1,0,0,1,1,0,0,1,1,1,1,1,"163",83
"70768",1,1,5,5,1,5,5,1,5,5,5,1,1,5,1,5,5,1,1,1,1,7,1,7,1,7,1,7,1,7,0,0,0,0,0,0,0,0,0,0,0,0,0,0,0,0,"10",60
"70769",1,1,2,2,1,2,2,1,1,2,4,2,1,5,1,4,3,2,5,1,6,6,5,6,6,6,6,7,7,6,1,1,1,1,1,0,0,0,0,1,1,0,1,1,1,1,"305",43
"70770",5,5,5,5,5,5,5,4,5,5,5,5,5,3,5,5,5,5,5,5,3,5,6,7,6,4,2,7,6,6,1,1,0,1,1,0,0,1,0,1,0,1,1,1,1,1,"183",97
"70771",1,2,2,2,4,2,2,1,1,2,4,4,2,3,1,5,5,2,5,1,1,3,7,4,6,1,5,7,5,3,1,1,0,1,1,0,0,0,0,1,0,0,1,1,1,1,"207",51
"70772",4,5,5,4,5,5,5,2,4,4,5,4,5,5,5,5,5,5,4,1,5,2,3,3,7,5,5,4,6,6,1,1,1,1,1,0,0,0,0,1,0,1,1,1,1,1,"112",87
"70773",5,4,2,1,2,1,3,3,1,2,5,3,2,4,2,1,2,5,5,2,3,6,6,5,6,2,5,5,5,5,0,1,0,1,1,0,0,0,0,1,0,0,0,1,1,1,"196",55
"70774",2,3,3,2,1,2,3,3,1,2,4,2,1,2,4,3,2,3,4,2,5,4,3,2,6,3,7,3,3,6,1,1,0,1,1,0,0,1,0,1,0,1,1,1,1,1,"104",49
"70775",5,5,5,3,5,5,5,5,3,4,5,5,2,5,5,4,5,5,5,2,6,2,6,7,7,3,4,5,7,6,1,1,0,1,1,0,0,0,0,1,0,0,1,1,1,1,"168",88
"70776",2,5,1,2,3,3,2,3,1,3,5,2,1,4,5,3,3,2,5,4,4,4,7,3,6,2,4,7,6,4,1,0,0,1,0,0,0,0,0,1,0,0,0,0,1,1,"308",59
"70777",4,2,4,4,5,3,5,2,2,2,5,2,4,3,4,5,5,5,5,4,5,3,6,2,7,3,5,2,4,7,1,1,1,1,1,0,0,0,0,1,0,0,1,1,1,1,"102",75
"70778",2,4,2,2,3,2,3,2,1,2,4,3,2,2,4,2,4,4,4,2,5,6,6,5,6,3,5,5,6,4,1,1,0,1,1,0,0,1,0,1,0,0,1,1,1,1,"92",54
"70779",2,2,2,1,1,1,1,1,1,1,5,1,1,2,3,4,2,4,1,1,2,1,2,1,4,3,6,7,1,4,1,1,0,1,1,0,0,0,0,1,0,0,0,1,1,1,"141",37
"70780",3,4,3,3,3,5,5,4,5,5,5,4,2,5,4,5,1,4,5,4,2,3,5,7,7,3,6,7,3,4,1,1,0,1,1,0,1,1,0,1,0,0,0,0,0,1,"293",79
"70781",4,4,5,3,4,3,4,5,1,4,5,5,5,5,5,5,5,4,5,3,2,3,6,5,6,1,6,1,5,6,1,1,0,1,1,0,0,0,0,1,0,1,1,1,1,1,"140",84
"70782",2,4,4,3,5,5,5,5,2,3,4,5,4,3,3,5,4,5,4,2,3,3,6,2,6,3,2,7,3,3,1,1,1,1,1,0,0,1,0,1,0,0,1,1,1,1,"136",77
"70783",1,2,1,3,3,2,2,2,1,2,5,4,1,3,1,4,4,2,5,1,2,5,5,6,6,1,6,5,6,4,1,1,1,1,1,0,1,1,0,1,1,0,1,1,1,1,"139",49
"70784",1,2,1,1,2,1,4,1,1,1,5,4,1,4,4,4,5,4,5,3,6,3,4,2,7,5,7,7,3,6,1,1,0,1,1,0,0,0,0,1,0,0,0,1,1,1,"227",54
"70785",1,1,2,1,1,2,4,1,1,2,3,1,1,3,1,4,4,1,4,1,5,7,7,7,7,1,6,7,7,6,1,1,0,1,1,0,1,0,0,1,0,0,1,1,1,1,"111",39
"70786",4,1,1,2,1,2,4,1,1,2,4,1,1,4,1,2,2,3,5,1,1,7,6,6,5,2,5,6,6,6,1,1,1,1,1,0,0,0,0,1,0,0,1,1,1,1,"233",43
"70787",1,1,1,2,5,1,1,1,1,3,5,5,2,4,1,1,2,4,5,1,1,2,4,1,1,1,6,1,1,6,1,1,1,1,1,0,1,1,0,1,1,0,1,1,1,1,"158",47
"70788",5,5,4,5,5,5,5,3,4,5,5,5,5,4,4,5,5,4,5,3,1,1,6,7,5,2,2,3,7,6,1,1,1,1,1,1,1,1,0,1,1,0,1,1,1,1,"135",91
"70789",1,1,5,1,3,1,2,1,1,4,5,1,4,5,2,5,1,2,1,1,6,2,7,5,5,6,3,7,7,6,1,1,0,1,1,0,0,0,0,1,0,0,1,1,1,1,"221",47
"70790",1,3,5,1,1,4,5,4,1,4,5,1,2,5,5,4,1,2,4,1,3,2,5,2,6,6,5,3,2,7,1,1,0,1,1,0,0,0,0,1,1,0,1,1,1,1,"168",59
"70791",5,5,1,5,4,5,5,5,3,4,5,4,4,4,5,5,4,4,5,4,2,3,3,3,5,1,5,2,2,4,1,1,0,1,1,0,0,1,0,1,0,0,1,1,1,1,"248",86
"70792",2,4,2,2,4,4,4,2,2,2,5,4,4,5,4,4,5,2,5,1,3,6,6,5,5,3,6,2,5,6,1,1,1,1,1,0,1,1,0,1,1,0,1,1,1,1,"84",67
"70793",3,5,2,3,3,3,5,2,2,1,5,1,1,2,4,3,3,3,5,2,6,3,3,4,6,6,5,6,6,5,1,1,0,1,1,0,0,1,0,1,0,0,0,1,1,1,"270",58
"70794",3,4,3,3,4,4,5,2,4,4,4,5,4,4,4,4,4,3,4,2,2,3,4,2,5,1,3,3,3,6,1,1,1,1,1,0,0,1,0,1,0,0,1,1,1,1,"148",74
"70795",5,5,4,1,5,2,4,5,3,4,5,5,4,5,5,4,5,5,5,2,6,2,6,3,6,4,5,3,6,2,1,1,1,1,1,0,0,1,0,1,0,0,1,1,1,1,"130",83
"70796",2,4,1,4,1,2,5,2,3,2,3,3,1,5,3,4,5,3,3,2,4,1,3,3,7,3,2,2,6,6,1,1,1,1,1,0,1,1,0,1,1,0,1,1,1,1,"5973",58
"70797",4,4,4,2,5,5,5,2,1,2,5,5,3,4,4,4,4,4,5,2,2,1,6,3,6,2,6,2,3,6,1,1,0,1,1,0,1,0,0,1,0,1,0,1,1,1,"158",74
"70798",4,5,1,5,3,1,5,5,1,1,5,1,1,3,2,3,5,3,1,1,4,4,4,1,3,3,7,7,4,7,1,0,0,1,0,0,0,0,0,1,0,0,0,0,0,1,"204",56
"70799",4,4,4,2,2,4,4,2,2,4,5,4,4,4,2,5,4,4,5,1,3,7,5,7,6,3,5,7,6,5,1,1,1,1,1,0,1,0,0,1,1,0,1,1,1,1,"132",70
"70800",2,4,4,2,2,4,4,4,2,3,3,2,1,3,5,4,2,4,5,1,6,3,6,3,5,5,6,5,5,6,1,1,0,1,1,0,0,0,0,1,0,0,0,1,1,1,"96",61
"70801",4,4,2,2,4,3,3,1,1,2,3,5,2,2,3,4,3,5,4,3,1,5,5,2,6,2,7,7,3,6,1,0,0,1,1,1,0,0,1,1,0,0,0,0,1,1,"223",60
"70802",5,1,1,2,5,2,2,2,1,1,4,5,4,5,3,5,5,1,5,1,3,5,6,1,2,3,7,5,3,6,1,1,0,1,1,0,1,0,0,1,1,0,1,1,1,1,"162",60
"70803",2,3,2,2,2,2,2,2,1,2,4,2,2,4,4,1,2,2,2,1,5,5,7,2,6,5,5,7,5,6,1,1,0,1,1,0,1,0,1,1,0,0,1,1,1,1,"2052",44
"70804",1,2,3,3,1,2,4,1,1,1,3,2,1,4,3,4,4,2,5,1,7,7,5,6,7,7,6,5,4,7,1,1,1,1,1,0,0,0,0,1,0,0,1,1,1,1,"220",48
"70805",4,4,5,2,5,1,5,5,3,5,5,5,4,5,5,4,5,2,5,5,5,5,3,7,7,6,6,3,5,5,1,1,1,1,1,0,1,1,0,1,1,0,1,1,1,1,"106",84
"70806",2,2,2,2,2,5,1,1,1,3,3,5,1,2,5,5,5,4,3,1,4,6,7,3,7,2,4,7,6,4,1,1,0,1,1,0,0,0,0,1,0,0,1,1,1,1,"206",55
"70807",1,2,3,2,2,4,4,2,1,4,3,1,3,2,4,2,3,4,5,1,5,3,5,2,7,5,6,7,4,7,1,1,1,1,1,0,0,0,0,1,0,0,1,1,1,1,"151",53
"70808",5,1,1,5,5,1,1,5,1,1,5,5,5,5,5,5,5,5,5,4,7,7,7,6,4,7,1,7,1,6,0,1,0,1,1,1,0,0,1,1,0,0,1,1,1,1,"157",75
"70809",5,4,4,5,5,4,1,4,4,4,5,5,2,5,5,5,1,4,5,2,3,1,7,6,7,3,3,6,6,6,0,0,0,1,0,0,0,1,0,1,0,0,1,0,0,1,"831",79
"70810",5,3,1,5,5,5,5,5,1,4,5,5,5,5,3,2,5,3,5,2,1,7,4,7,6,1,5,2,7,7,1,1,1,1,1,0,1,1,0,1,1,0,1,1,1,1,"95",79
"70811",1,1,2,4,3,3,4,1,1,5,5,2,1,4,1,2,1,2,5,1,1,7,1,6,1,6,1,7,1,7,0,0,1,0,0,0,1,0,0,1,1,0,0,0,0,0,"1054",49
"70812",3,5,4,5,4,3,4,3,2,2,5,5,2,5,5,5,5,4,5,1,6,3,6,3,6,6,5,5,3,6,1,1,1,1,1,0,1,0,0,1,0,0,1,1,1,1,"685",77
"70813",5,5,1,5,5,4,3,5,2,5,4,4,5,5,4,3,5,3,5,4,5,5,6,5,6,3,5,4,5,6,0,0,0,0,0,0,0,0,0,0,0,0,0,0,0,0,"25891",82
"70814",4,2,4,5,5,3,3,5,2,3,4,5,2,4,3,4,3,2,2,2,5,1,1,2,7,6,4,2,3,7,1,1,1,1,1,0,0,1,0,1,0,0,1,1,1,1,"655",67
"70815",5,3,1,3,3,5,4,5,1,1,3,5,1,3,4,1,5,5,1,3,1,4,6,3,2,5,6,2,3,2,1,0,0,1,0,0,0,0,0,1,0,0,0,0,0,1,"662",62
"70816",5,5,4,5,4,4,4,1,3,5,5,2,4,4,3,4,4,4,5,5,3,3,2,5,5,5,6,5,4,7,1,1,1,1,1,1,0,0,0,1,1,0,1,1,1,1,"173",80
"70817",1,2,2,1,1,2,1,2,1,2,3,4,1,2,5,4,5,1,1,1,1,3,6,7,7,1,7,3,7,7,1,1,1,1,1,0,1,1,0,1,0,0,1,1,1,1,"458",42
"70818",5,5,5,4,5,5,5,5,2,5,5,5,4,4,5,5,5,5,2,5,1,2,6,6,5,1,1,5,7,6,1,1,0,1,1,0,1,1,0,1,1,0,1,1,1,1,"142",91
"70819",5,3,5,5,5,5,5,2,4,5,5,5,4,5,4,5,5,5,5,3,5,2,7,4,7,3,3,6,7,6,1,0,0,1,1,0,0,1,0,1,0,0,1,1,1,1,"1093",90
"70820",4,5,5,5,5,2,4,2,1,1,5,5,4,5,2,5,5,1,5,5,5,2,3,5,3,3,6,6,4,6,1,1,0,1,0,0,0,1,0,1,0,0,0,0,1,1,"367",76
"70821",5,1,5,5,5,5,5,5,1,1,5,5,5,5,5,5,5,5,5,5,2,7,3,1,6,3,7,1,1,7,1,1,1,1,1,0,0,0,0,1,0,0,1,1,1,1,"111",88
"70822",2,3,3,3,2,4,5,2,4,2,4,4,1,4,4,5,4,3,5,3,5,3,2,5,6,6,5,4,6,3,1,1,0,1,1,0,0,1,0,1,1,0,1,1,1,1,"127",67
"70823",4,1,4,2,5,2,2,2,1,2,3,4,1,2,4,3,3,5,5,1,5,2,6,2,5,1,5,6,6,4,0,0,0,1,0,0,0,0,0,1,0,0,0,0,0,1,"253",56
"70824",3,3,3,3,3,3,2,5,2,2,3,5,4,5,4,3,3,3,5,5,3,6,5,3,2,2,6,6,3,3,1,1,0,1,1,0,0,0,0,1,0,0,0,0,1,1,"440",69
"70825",2,1,2,2,2,2,2,1,1,1,5,2,3,2,3,2,1,2,5,1,5,1,5,3,6,3,5,6,6,5,1,1,0,1,1,0,0,0,0,1,0,0,0,0,1,1,"119",42
"70826",1,4,1,1,1,5,4,1,1,1,1,2,1,5,1,1,3,1,5,5,5,6,6,4,5,3,6,7,6,6,1,1,1,1,1,0,0,0,0,1,0,0,1,1,1,1,"254",45
"70827",4,2,1,5,5,2,1,5,1,1,3,4,5,4,4,3,5,4,5,1,5,2,7,2,6,3,7,4,2,7,1,1,0,1,1,0,0,0,0,1,0,0,0,1,1,1,"371",65
"70828",1,4,2,1,1,2,2,1,1,2,4,1,1,4,2,2,1,2,1,1,6,3,4,6,5,5,5,6,6,5,1,1,0,1,1,0,0,1,0,1,1,0,1,1,1,1,"195",36
"70829",3,5,5,3,1,3,5,3,2,5,5,5,1,5,2,3,5,3,1,3,4,4,6,5,6,3,5,3,5,4,0,1,0,1,1,0,0,1,1,1,0,0,1,1,1,1,"354",68
"70830",5,4,2,1,1,2,5,1,1,1,5,1,1,5,3,4,1,1,5,1,5,7,6,5,7,2,6,7,6,7,1,1,1,1,1,0,1,0,0,1,1,0,1,1,1,1,"223",50
"70831",1,1,1,1,1,1,1,2,1,1,4,4,1,3,1,1,4,1,5,1,5,6,5,3,6,1,7,5,6,7,1,1,1,1,1,0,1,1,0,1,0,0,1,1,1,1,"141",36
"70832",3,3,1,1,4,2,1,3,1,2,3,2,4,1,3,2,3,3,4,1,2,6,6,6,6,1,6,5,6,6,0,1,0,0,1,0,0,1,0,1,0,0,0,0,0,1,"589",47
"70833",5,2,3,5,5,5,5,5,5,1,5,5,4,5,5,2,1,2,4,1,7,2,7,6,7,6,6,7,6,7,1,1,0,1,0,0,1,0,0,1,0,0,1,1,1,1,"135",75
"70834",3,4,3,2,5,3,3,4,2,2,4,4,2,3,3,3,2,3,5,4,2,5,6,7,6,3,5,6,7,6,1,1,1,1,1,0,0,0,0,1,1,1,1,1,1,1,"205",64
"70835",1,4,1,5,2,5,4,5,1,1,5,5,3,5,1,5,5,5,5,1,1,5,7,5,7,2,4,7,7,7,1,1,1,1,1,0,1,1,0,1,0,0,1,1,1,1,"143",69
"70836",4,3,3,4,5,4,4,3,3,3,5,5,2,3,4,2,4,3,5,3,3,3,4,1,5,2,5,3,1,5,1,1,1,1,1,1,0,0,0,1,0,0,1,1,1,1,"136",72
"70837",4,5,2,3,3,1,4,2,1,2,3,5,1,2,4,4,3,3,4,2,5,2,6,3,6,5,6,6,2,3,1,1,0,1,1,0,0,0,0,1,0,0,0,1,1,1,"218",58
"70838",5,5,4,5,5,5,5,5,4,5,5,5,5,5,5,5,5,5,5,1,7,4,5,7,3,7,1,5,6,6,1,1,1,1,1,0,0,0,0,1,1,0,1,1,1,1,"174",94
"70839",4,3,4,3,4,5,5,5,5,5,5,4,4,5,3,5,5,5,5,2,1,3,4,1,5,2,6,1,3,6,1,0,1,1,1,0,0,1,0,1,0,0,0,1,1,1,"488",86
"70840",3,3,2,3,3,3,3,3,3,3,3,3,3,3,3,3,5,3,3,3,7,4,7,7,7,4,7,3,6,1,1,1,1,1,1,1,1,1,1,1,1,1,1,1,1,1,"35",61
"70841",2,4,1,2,4,1,2,2,1,1,5,1,1,4,3,4,3,4,5,1,1,7,7,2,5,2,5,5,2,7,1,1,0,1,1,0,0,0,0,1,0,0,1,1,1,1,"200",51
"70842",2,4,4,2,4,2,4,5,1,4,5,4,4,5,4,4,2,5,5,5,6,4,5,5,6,2,5,3,5,5,1,1,1,1,1,0,0,0,0,1,0,0,0,1,1,1,"242",75
"70843",4,2,4,5,4,5,5,5,3,4,5,4,4,5,2,5,5,4,3,4,4,2,7,6,5,5,5,3,7,5,1,1,0,1,1,0,0,0,0,1,0,0,1,1,1,1,"437",82
"70844",4,3,3,4,4,5,5,4,3,4,5,5,4,3,4,5,5,4,5,4,3,6,5,3,6,2,7,2,5,5,1,1,1,1,1,0,0,0,0,1,0,1,1,1,1,1,"139",83
"70845",1,1,1,2,4,1,1,1,4,1,3,3,4,4,3,1,3,4,2,1,6,4,7,6,6,6,7,3,7,3,1,1,0,0,1,0,0,0,0,1,0,0,0,0,1,1,"206",45
"70846",4,3,4,5,5,5,4,4,3,3,5,5,3,5,3,5,4,5,5,1,5,1,5,1,7,6,5,1,2,6,1,1,1,1,1,0,1,0,0,1,1,0,1,1,1,1,"142",81
"70847",5,5,5,3,5,5,5,5,5,5,5,5,5,5,4,1,4,5,5,3,6,2,5,7,7,3,1,2,7,7,1,1,1,1,1,1,1,1,0,1,0,1,1,1,1,1,"93",90
"70848",1,5,5,5,1,5,5,5,1,2,5,5,5,5,5,5,5,5,5,1,6,1,1,1,7,1,5,1,1,3,1,1,0,1,1,0,1,0,0,1,0,1,0,1,1,1,"137",81
"70849",5,1,2,5,5,2,4,5,1,3,4,5,2,2,4,2,2,3,5,3,1,3,7,3,3,4,5,7,7,7,1,1,0,1,1,0,0,1,0,1,0,0,1,0,1,1,"299",65
"70850",1,4,2,3,4,1,1,4,1,4,5,1,5,3,1,1,4,3,1,1,3,7,5,3,5,3,7,6,6,6,1,1,0,0,1,0,0,0,0,0,0,0,0,0,0,1,"241",50
"70851",4,1,1,4,4,5,5,2,1,1,5,5,5,3,1,5,5,5,5,2,1,1,6,6,4,1,4,4,6,6,1,1,0,1,1,1,1,1,1,1,0,1,1,1,1,1,"158",69
"70852",5,5,5,5,5,5,5,5,5,5,5,5,5,5,5,5,4,5,5,2,6,3,7,6,7,3,1,6,7,6,1,1,0,1,1,0,1,1,0,1,0,0,1,1,1,1,"120",96
"70853",5,3,4,5,5,4,3,4,3,2,5,5,4,5,3,5,5,4,5,3,3,3,3,2,6,2,6,4,3,5,1,1,0,1,1,0,0,0,0,1,0,0,0,1,1,1,"923",82
"70854",5,5,5,4,5,5,5,5,4,5,5,5,4,4,5,3,5,5,5,2,5,3,6,7,7,6,3,5,7,6,1,1,0,1,1,0,0,0,0,1,0,0,1,1,1,1,"144",91
"70855",1,2,3,5,2,3,4,1,2,3,5,1,1,4,1,5,3,2,5,1,2,1,5,2,4,1,4,3,6,6,1,1,0,1,1,0,0,1,0,1,1,0,1,1,1,1,"160",54
"70856",5,5,4,3,5,5,5,5,4,5,4,5,4,5,5,5,5,4,5,3,6,4,6,7,6,4,2,7,7,6,1,1,1,1,1,0,1,1,0,1,0,0,1,1,1,1,"189",91
"70857",5,3,5,5,5,5,5,4,1,5,5,5,5,5,5,5,5,5,5,3,2,2,3,3,7,1,3,5,6,5,1,1,0,1,1,0,0,1,0,1,0,0,1,1,1,1,"351",91
"70858",5,5,4,5,5,5,5,5,3,1,5,5,5,5,5,5,1,5,5,5,7,7,5,3,7,7,7,1,1,7,1,1,1,1,1,0,1,1,0,1,1,1,1,1,1,1,"140",89
"70859",2,2,3,4,4,3,3,3,1,2,5,1,4,4,4,2,4,2,5,3,3,5,2,1,6,2,6,3,2,4,0,0,0,1,0,0,0,0,0,0,0,0,0,1,0,1,"1041",61
"70860",4,5,4,4,4,3,5,4,4,5,5,5,5,4,5,3,3,4,2,5,1,2,6,3,6,1,3,4,7,5,1,1,1,1,1,1,0,0,0,1,0,0,1,1,1,1,"93",83
"70861",2,2,1,5,2,5,5,4,2,1,5,5,3,4,4,5,3,4,5,2,3,4,2,1,4,2,5,3,2,7,1,1,1,1,1,0,0,0,0,1,0,0,1,1,1,1,"116",69
"70862",5,5,5,5,5,5,5,5,5,5,5,5,5,5,5,5,5,5,5,5,5,3,6,7,7,4,5,6,7,7,1,1,0,1,1,0,1,0,0,1,0,0,1,1,1,1,"111",100
"70863",2,4,4,2,1,4,4,4,4,4,5,1,4,4,4,4,3,5,5,1,6,6,2,3,7,3,6,6,5,6,1,1,0,1,1,0,0,0,0,1,0,0,1,1,1,1,"136",69
"70864",1,1,3,1,1,2,4,1,1,1,2,1,1,1,4,1,4,1,5,1,6,5,7,7,6,3,7,3,7,6,1,1,1,1,1,0,1,1,0,1,0,0,1,1,1,1,"136",37
"70865",1,1,5,5,5,5,5,1,1,5,5,5,5,5,1,1,5,5,1,1,3,6,5,7,3,3,5,2,6,1,1,1,0,1,1,0,0,1,0,1,0,1,1,1,1,1,"129",68
"70866",4,5,3,4,5,3,5,5,3,3,5,3,4,5,5,5,5,5,5,4,6,4,6,6,6,6,7,7,5,7,1,1,0,1,1,0,0,0,0,1,0,0,0,1,1,1,"354",86
"70867",5,5,5,5,5,5,5,5,5,5,5,5,4,5,4,4,4,4,5,5,2,2,5,6,7,3,5,6,7,7,1,0,0,1,0,0,0,0,0,1,0,1,0,0,1,1,"128",95
"70868",5,4,3,5,5,4,4,5,1,4,5,5,4,5,4,4,4,4,5,5,2,2,7,6,7,1,5,5,7,4,1,1,1,1,1,1,0,1,0,1,0,0,0,1,1,1,"142",85
"70869",4,5,4,5,4,5,5,3,5,1,5,5,5,5,5,1,5,5,5,4,7,6,6,7,5,5,4,6,7,6,1,1,0,1,1,0,0,0,0,1,0,0,1,1,1,1,"229",86
"70870",2,4,2,5,4,4,4,1,2,4,5,1,2,5,4,1,5,2,5,1,1,6,6,6,5,1,6,7,7,7,1,1,0,1,1,1,0,0,0,1,0,0,1,1,1,1,"222",63
"70871",2,5,1,3,5,1,4,1,1,3,5,1,1,5,1,1,2,5,5,3,2,3,6,6,6,6,7,2,2,4,1,0,0,0,0,0,0,0,0,1,0,0,0,0,0,1,"667",55
"70872",2,4,1,2,4,1,4,2,1,2,5,5,2,2,3,1,1,4,4,2,3,3,6,7,7,2,6,3,7,6,1,1,1,1,1,0,0,1,0,1,0,0,1,1,1,1,"280",52
"70873",4,4,5,4,4,4,5,4,2,2,4,5,4,4,4,2,1,4,5,3,1,5,5,1,5,1,6,5,2,2,1,1,0,1,1,0,0,0,0,1,0,1,0,1,1,1,"95",74
"70874",1,1,1,3,1,4,4,1,1,1,1,4,1,5,1,5,1,1,4,1,3,2,6,3,7,3,2,7,2,7,1,1,1,1,1,0,1,1,0,1,1,0,1,1,1,1,"213",42
"70875",5,5,5,5,5,5,5,4,5,5,5,5,4,5,4,4,5,4,5,4,2,2,7,3,6,1,7,7,6,5,1,0,0,1,1,1,0,0,1,1,0,0,0,1,1,1,"970",94
"70876",4,4,5,4,4,5,5,5,5,5,4,5,5,5,4,5,5,5,3,4,1,6,4,4,6,1,4,6,6,5,1,1,1,1,1,0,1,1,0,1,0,0,1,1,1,1,"417",91
"70877",4,3,2,4,5,1,1,1,1,1,5,4,1,5,2,3,3,4,4,1,5,6,1,1,7,4,7,3,3,5,1,1,0,1,1,0,0,0,0,1,0,0,0,1,1,1,"142",55
"70878",5,1,4,2,4,4,4,2,1,4,5,2,2,5,4,5,2,4,5,2,3,3,7,7,7,5,5,6,3,7,1,1,1,1,1,0,1,0,0,1,0,1,1,1,1,1,"118",67
"70879",1,1,1,1,1,1,2,1,1,1,5,1,2,1,1,4,3,4,5,1,4,7,7,7,7,3,7,5,7,5,1,1,0,1,1,0,0,0,0,1,0,0,1,1,1,1,"178",38
"70880",4,4,3,3,5,3,4,5,3,4,4,4,5,3,5,5,3,4,5,3,3,5,4,5,2,3,5,6,6,3,1,0,0,1,1,0,0,0,0,0,0,0,0,0,0,1,"324",79
"70881",4,4,3,4,4,3,4,3,3,2,4,2,2,4,3,4,3,4,3,3,2,3,5,5,5,2,5,5,2,3,1,1,0,1,1,0,0,0,0,1,0,0,1,0,1,1,"198",66
"70882",1,4,4,4,2,5,4,1,2,2,5,1,1,5,1,4,2,2,5,2,6,5,5,4,6,5,5,3,4,5,0,0,0,0,0,0,0,0,0,0,0,0,0,0,0,1,"361",57
"70883",5,2,5,2,5,4,4,4,3,4,1,5,2,4,5,4,3,2,5,1,5,6,6,6,6,6,7,7,7,7,1,1,0,1,1,0,0,0,0,1,0,0,0,0,1,1,"360",70
"70884",1,1,3,1,4,2,5,1,1,1,3,4,1,4,5,1,2,3,2,1,6,1,6,2,6,4,6,7,6,4,1,1,0,1,1,0,0,0,0,1,0,0,1,1,1,1,"1420",46
"70885",2,1,3,5,1,2,4,1,1,1,5,4,2,5,2,5,4,1,5,2,2,3,6,1,4,1,4,6,2,7,1,1,1,1,1,1,0,1,1,1,1,1,1,1,1,1,"125",56
"70886",4,4,4,1,4,1,2,1,3,1,4,2,1,3,4,2,1,5,5,1,6,3,6,2,6,6,7,7,4,4,0,0,0,0,0,0,0,0,0,0,0,0,0,0,0,0,"265",53
"70887",2,2,4,4,4,2,4,4,1,1,4,5,1,4,4,2,2,1,3,1,2,3,6,6,7,3,5,3,6,6,1,1,0,1,1,0,0,1,0,1,1,0,1,1,1,1,"159",55
"70888",1,1,4,2,4,5,3,1,1,5,4,1,3,3,1,3,1,5,5,1,6,5,6,1,7,7,7,6,1,5,1,1,0,1,1,0,0,0,0,1,0,0,1,1,1,1,"212",54
"70889",4,4,4,2,4,3,5,2,4,4,5,4,1,2,4,5,2,4,5,1,5,1,6,5,5,3,5,6,2,6,1,1,1,1,1,0,0,0,0,1,1,0,1,1,1,1,"134",69
"70890",2,2,5,3,4,5,5,3,3,4,4,4,2,5,3,3,4,4,5,3,1,6,4,5,5,2,3,6,6,6,1,1,1,1,1,0,1,1,0,1,1,0,1,1,1,1,"257",73
"70891",5,5,1,5,5,5,5,5,1,5,5,5,5,5,5,5,1,5,5,5,6,1,7,7,1,1,1,1,7,7,0,0,0,0,0,0,0,0,0,0,0,0,0,1,1,1,"185",88
"70892",3,3,5,4,4,1,4,5,5,3,5,4,4,4,2,4,5,3,4,4,4,4,5,7,6,1,4,7,7,6,1,1,0,1,0,0,0,1,0,1,0,0,0,0,1,1,"674",76
"70893",2,2,2,2,5,4,4,4,1,4,5,4,1,3,1,4,3,1,5,2,6,4,3,1,5,2,7,3,1,5,1,1,1,1,1,0,0,0,0,1,0,0,0,1,1,1,"125",59
"70894",4,5,1,2,5,5,5,5,1,2,5,3,2,3,5,2,1,4,4,3,2,1,6,1,6,1,7,7,3,5,1,1,0,1,1,0,0,0,0,1,0,0,1,1,1,1,"466",67
"70895",5,5,5,5,5,5,1,4,2,5,5,1,2,2,2,4,2,5,3,2,3,2,5,5,2,2,5,4,2,7,1,0,1,1,1,0,1,0,0,1,1,0,1,1,1,1,"462",70
"70896",2,2,2,5,5,2,4,4,1,2,5,5,5,5,3,5,4,4,3,4,2,3,6,3,5,4,5,6,2,7,1,1,1,1,1,1,1,1,0,1,1,1,1,1,1,1,"157",72
"70897",1,1,2,2,4,2,4,1,1,2,4,2,2,3,1,5,5,2,1,1,2,3,6,5,7,5,5,6,3,5,1,1,0,1,1,0,0,0,0,1,0,0,1,1,1,1,"179",46
"70898",1,5,4,5,4,4,5,2,2,5,5,4,3,5,2,5,5,1,2,1,7,3,6,7,4,7,3,1,7,6,1,1,1,1,1,1,0,0,0,1,0,0,1,1,0,1,"154",70
"70899",5,5,5,4,5,5,4,5,5,4,5,5,5,5,2,3,1,5,4,5,3,4,3,6,5,1,6,5,7,5,1,1,0,1,1,0,1,0,0,1,0,0,1,1,1,1,"237",87
"70900",5,1,5,5,5,5,5,4,5,5,5,5,5,5,1,5,5,4,1,5,2,6,2,2,6,2,2,3,2,6,0,1,0,0,1,0,0,0,0,0,0,0,0,0,0,0,"757",86
"70901",1,5,1,1,4,5,2,1,1,1,3,5,4,5,5,1,1,4,5,1,1,1,7,7,1,1,6,7,5,3,1,0,0,0,0,0,0,0,0,0,0,0,0,1,0,1,"204",56
"70902",5,5,4,5,5,1,5,4,4,2,5,4,4,1,3,5,5,5,5,2,2,1,6,2,5,3,2,3,1,3,1,1,1,1,1,0,0,1,0,1,0,1,1,1,1,1,"199",79
"70903",5,4,1,2,5,5,4,5,1,2,4,5,5,4,5,5,1,5,5,3,7,2,3,2,7,7,7,2,2,6,1,1,1,1,1,0,0,0,0,1,1,0,1,1,1,1,"122",76
"70904",1,2,1,3,4,2,2,1,1,4,4,4,4,4,2,5,5,3,3,1,4,2,5,1,4,6,7,5,4,5,1,1,1,1,1,0,0,0,0,1,1,0,1,1,1,1,"184",56
"70905",5,5,4,5,4,5,1,5,5,3,5,5,4,5,5,5,3,4,5,4,4,2,4,1,2,4,1,3,6,3,1,0,0,1,1,0,0,0,1,1,0,0,0,1,1,1,"204",87
"70906",2,3,4,2,4,5,5,3,1,2,4,4,5,3,4,3,3,5,5,1,2,2,7,7,7,1,5,7,7,6,1,1,1,1,1,1,1,1,1,1,0,1,1,1,1,1,"73",68
"70907",1,1,1,2,1,1,2,1,1,1,4,1,1,2,1,4,1,1,4,3,7,6,7,6,6,6,6,7,6,7,1,1,1,1,1,0,0,1,0,1,0,0,1,1,1,1,"161",34
"70908",5,2,4,2,5,5,5,4,5,2,5,5,5,5,4,5,5,5,5,5,5,1,5,1,6,7,5,3,3,7,1,1,0,1,1,0,0,1,0,1,0,0,1,1,1,1,"515",88
"70909",4,5,5,3,5,3,5,4,3,5,5,5,1,5,5,5,5,4,5,4,4,1,7,7,5,5,1,5,3,6,1,1,0,1,1,0,0,0,0,1,0,0,0,1,1,1,"505",86
"70910",4,4,5,4,5,3,3,5,4,4,5,5,5,5,4,5,4,4,5,4,2,2,7,2,5,3,2,6,5,4,1,1,1,1,1,1,1,0,0,1,0,1,1,1,1,1,"105",87
"70911",2,1,4,4,2,3,5,1,2,4,5,4,4,3,3,4,5,3,5,2,5,3,6,5,4,5,5,5,5,3,1,1,0,1,1,0,0,0,1,1,1,0,1,1,1,1,"523",66
"70912",2,2,2,1,1,2,4,1,1,1,5,1,1,5,5,5,4,5,5,1,2,7,6,7,5,1,7,7,6,7,1,1,1,1,1,0,1,1,0,1,0,0,1,1,1,1,"175",54
"70913",5,4,4,4,4,5,5,4,3,5,5,4,5,5,5,5,5,4,5,4,5,2,7,3,7,4,3,5,3,4,1,1,1,1,1,1,1,1,0,1,1,1,1,1,1,1,"89",90
"70914",5,5,3,2,5,3,5,5,3,3,5,5,5,5,3,4,1,4,5,1,1,7,7,7,6,1,4,7,1,6,1,1,1,1,1,0,0,1,0,1,0,0,1,1,1,1,"214",77
"70915",1,2,3,1,2,2,4,2,2,4,4,1,1,2,5,5,4,2,5,1,3,7,6,3,7,5,5,3,5,6,1,1,1,1,1,0,1,1,0,1,1,0,1,0,1,1,"108",53
"70916",4,3,2,3,5,5,5,5,2,1,1,5,5,3,5,5,5,5,5,1,4,5,1,1,7,5,6,1,1,5,0,1,0,1,0,0,0,0,0,0,0,1,0,1,1,0,"108",75
"70917",1,2,3,2,3,2,4,1,1,2,4,4,1,5,2,3,4,5,3,4,1,7,5,7,6,6,6,2,5,6,1,1,1,1,1,1,1,0,0,1,1,0,1,1,1,1,"430",56
"70918",3,1,3,3,2,3,5,1,1,3,4,4,1,5,3,1,3,2,3,1,3,2,3,1,4,5,4,1,5,1,1,1,0,1,1,0,0,0,0,1,0,0,0,0,1,1,"214",52
"70919",1,3,1,3,4,3,2,1,1,3,3,3,1,4,4,5,3,3,3,3,1,4,6,5,4,3,6,6,6,6,1,1,0,1,1,0,1,0,0,1,0,0,1,1,1,1,"201",54
"70920",2,3,2,3,2,2,2,2,1,2,2,3,1,4,2,5,2,4,5,2,3,2,6,1,5,2,6,2,3,4,1,1,0,1,1,0,1,1,0,1,0,0,1,1,1,1,"290",51
"70921",2,4,5,3,4,4,5,4,1,4,4,5,3,5,4,5,3,5,5,4,5,4,5,2,7,3,6,6,5,6,1,1,0,1,1,0,0,0,0,1,0,0,1,1,1,0,"154",79
"70922",1,1,1,2,3,1,2,1,1,1,1,4,1,2,1,4,1,1,3,1,6,6,7,3,7,1,6,7,3,6,1,1,0,1,1,0,1,0,0,1,0,1,1,1,1,1,"200",33
"70923",2,4,1,5,1,1,4,1,1,1,5,5,1,5,3,1,1,4,5,1,5,6,6,1,6,1,7,6,2,5,1,1,0,1,1,0,0,0,0,1,0,0,0,1,0,1,"387",52
"70924",3,4,4,1,1,5,5,1,4,2,5,5,1,4,4,4,2,4,5,1,4,2,6,7,6,2,6,5,7,3,1,1,1,1,1,1,0,1,0,1,1,0,1,1,1,1,"141",65
"70925",5,5,4,5,5,5,4,4,4,5,4,5,5,4,5,2,5,5,5,5,5,5,7,3,7,6,6,3,5,7,1,1,1,1,1,0,0,0,0,1,0,0,1,1,1,1,"147",91
"70926",5,5,5,4,5,5,5,5,5,5,5,5,5,5,5,5,5,5,5,4,1,5,6,7,6,1,1,7,7,7,1,1,0,1,1,0,0,0,0,1,0,1,1,1,1,1,"107",98
"70927",5,4,1,3,5,5,4,2,1,1,5,5,5,5,1,5,4,1,5,1,5,7,5,5,7,2,7,3,5,5,1,1,0,1,1,0,0,0,0,1,0,0,1,1,1,1,"352",68
"70928",2,1,1,1,4,1,1,1,1,1,1,4,1,2,1,4,4,5,1,1,3,3,5,3,5,5,5,2,6,1,1,1,1,1,1,0,1,0,0,1,0,0,1,1,1,1,"87",38
"70929",5,5,5,4,3,5,4,3,3,5,5,5,5,5,4,5,5,3,5,3,6,2,7,6,6,5,6,7,7,7,1,0,0,1,1,0,0,1,0,1,0,0,1,1,1,1,"196",87
"70930",4,4,3,2,2,3,4,1,2,3,3,4,1,2,5,5,3,5,1,2,6,3,7,5,6,4,3,7,6,4,1,1,1,1,1,0,1,0,0,1,0,0,0,1,1,1,"247",59
"70931",5,1,4,5,5,3,5,1,3,4,5,5,5,3,4,4,4,3,5,3,1,1,7,2,7,1,2,3,3,7,1,1,0,1,1,1,0,1,0,1,1,0,1,1,1,1,"164",77
"70932",5,5,2,5,5,5,5,4,4,3,5,5,5,5,4,4,2,5,5,4,6,2,6,2,4,4,2,3,3,5,0,1,0,1,1,0,0,0,1,0,0,0,0,1,1,1,"212",87
"70933",2,2,4,2,4,1,5,3,1,3,5,1,2,3,3,1,2,5,5,2,2,3,7,1,2,1,6,7,2,6,1,1,0,1,1,0,1,0,0,1,0,1,0,1,1,1,"162",56
"70934",3,3,3,4,4,5,5,2,3,4,5,4,4,5,4,5,5,5,5,5,2,3,4,5,6,3,1,3,4,7,1,1,1,1,1,0,0,0,0,1,0,0,1,1,1,1,"138",83
"70935",5,5,4,5,4,5,5,4,3,4,5,5,5,5,5,4,5,4,5,4,1,1,5,2,7,1,5,6,7,7,1,1,0,1,1,0,0,0,0,1,0,1,1,1,1,1,"137",91
"70936",3,4,4,3,4,4,4,3,2,4,3,4,1,5,4,5,3,4,5,2,4,2,6,5,5,2,3,6,6,4,0,0,0,0,0,0,0,0,0,0,0,0,0,0,0,0,"356",71
"70937",1,2,4,2,2,1,2,5,2,2,3,2,3,3,2,4,4,1,5,3,2,3,6,3,5,2,6,6,5,5,1,1,0,1,1,0,0,0,0,1,0,0,0,1,1,1,"134",53
"70938",2,1,4,2,1,3,3,1,1,3,5,1,1,5,1,4,5,1,1,2,6,2,2,4,1,5,5,5,5,7,0,0,0,0,1,0,0,0,0,1,0,0,0,0,0,1,"364",47
"70939",2,2,3,2,2,1,3,2,1,2,4,2,3,2,4,4,3,2,4,1,6,3,6,4,3,4,6,5,7,3,1,1,0,1,1,0,0,0,0,1,0,1,1,1,1,1,"125",49
"70940",5,5,3,5,4,5,4,3,5,3,5,5,4,4,5,5,3,5,5,2,1,3,2,3,2,1,4,3,7,3,0,0,0,1,0,0,0,0,0,1,0,0,0,0,0,0,"335",85
"70941",1,1,1,1,1,1,4,1,1,4,5,1,1,2,1,1,1,1,5,1,6,7,7,6,7,3,7,7,7,6,1,1,1,1,1,0,0,0,0,1,0,0,1,1,1,1,"142",35
"70942",4,4,2,2,4,2,3,4,1,2,3,4,3,3,3,2,3,3,4,4,2,7,6,3,5,2,6,6,6,6,1,1,0,1,1,0,0,0,0,1,0,0,0,1,1,1,"262",60
"70943",5,5,3,5,5,4,3,5,3,4,5,5,5,5,4,5,5,1,5,5,4,1,7,7,1,1,4,7,6,1,1,1,0,1,1,0,0,1,0,1,1,0,1,0,1,1,"103",87
"70944",2,2,2,2,1,2,4,1,2,2,3,1,1,3,1,2,3,3,4,1,3,3,6,3,6,3,5,6,5,5,1,1,0,1,1,0,0,1,0,1,1,0,1,1,1,1,"273",42
"70945",5,4,3,5,5,1,1,4,1,1,5,5,5,5,4,1,5,4,5,1,2,1,7,3,7,7,1,2,2,7,1,1,0,1,1,0,1,1,0,1,0,0,1,1,1,1,"137",70
"70946",5,5,5,5,5,5,4,5,4,4,5,5,5,5,5,5,5,5,5,2,1,1,6,3,7,1,3,6,7,7,1,1,0,1,1,0,0,0,0,1,0,1,1,1,1,1,"85",94
"70947",3,5,3,5,3,4,2,5,4,2,5,5,5,3,4,3,1,4,5,4,4,6,7,5,7,1,2,3,7,5,1,0,0,1,1,0,0,0,0,1,0,0,0,1,1,1,"143",75
"70948",1,4,5,5,1,5,5,1,2,1,5,5,5,5,5,5,5,5,5,1,1,3,5,6,7,6,6,6,6,3,1,1,1,1,1,1,1,0,0,1,1,0,1,1,1,1,"162",76
"70949",2,3,3,3,4,2,5,2,2,2,3,4,4,5,4,2,5,3,3,3,5,5,4,3,5,2,5,5,3,2,1,1,1,1,1,0,1,1,0,1,1,0,1,1,1,1,"105",64
"70950",5,4,5,5,5,5,5,4,5,4,5,5,4,5,5,4,5,4,5,5,7,3,2,1,7,7,7,1,1,3,1,0,0,1,0,0,0,1,0,0,0,0,0,0,1,1,"153",94
"70951",3,4,3,4,5,2,5,4,2,1,5,5,1,5,4,2,4,4,5,5,5,3,1,2,5,5,5,1,5,2,1,0,0,1,1,0,0,0,0,1,0,0,0,1,1,1,"194",73
"70952",2,4,3,2,2,2,4,2,2,4,4,3,4,4,4,2,5,4,4,3,6,3,3,6,7,5,6,3,6,6,1,1,0,1,1,0,0,0,0,1,0,0,0,1,1,1,"201",64
"70953",1,3,4,1,1,3,4,2,1,2,3,2,4,2,1,4,1,4,5,1,2,4,5,3,6,1,6,4,4,4,1,1,0,1,1,0,0,0,0,1,0,0,1,1,1,1,"353",49
"70954",4,1,4,5,5,5,5,1,3,5,5,4,5,5,4,4,5,5,5,5,7,1,5,2,6,3,3,3,6,1,1,1,1,1,1,0,0,0,0,1,0,0,1,1,1,1,"168",85
"70955",5,1,5,2,4,5,5,4,5,5,5,5,1,5,4,5,1,1,5,5,5,3,6,6,5,3,5,7,6,6,1,0,0,0,0,0,0,0,0,1,0,0,0,0,0,1,"491",78
"70956",1,3,3,1,3,1,4,1,1,1,2,2,1,3,3,2,1,5,4,1,2,3,5,3,6,3,5,5,3,6,1,1,0,1,1,0,0,0,0,1,0,0,0,0,1,1,"294",43
"70957",2,3,4,4,4,3,5,1,1,1,5,5,4,5,1,4,2,2,5,3,1,3,5,6,5,1,1,5,6,3,1,1,1,1,1,0,0,0,0,1,1,0,1,1,1,1,"85",64
"70958",5,4,4,3,3,2,2,4,3,1,4,5,3,4,1,4,5,4,5,5,3,3,3,6,6,1,4,1,3,5,1,1,0,1,1,0,0,1,0,1,0,0,0,1,1,1,"197",71
"70959",2,4,3,2,2,2,1,1,1,4,4,2,1,4,2,1,3,2,1,2,7,6,5,3,5,3,6,6,4,3,1,1,1,1,1,0,1,1,1,1,1,0,1,1,1,1,"559",44
"70960",4,5,5,1,5,5,5,5,4,5,2,1,1,2,4,1,1,4,1,1,7,3,3,6,6,7,7,6,6,7,0,0,0,0,0,0,0,0,0,0,0,0,1,1,0,1,"404",62
"70961",4,4,3,3,4,3,4,4,4,4,3,4,4,3,4,2,4,4,3,3,4,3,4,4,6,4,4,4,5,6,1,1,1,1,1,0,0,1,0,1,0,0,1,1,1,1,"141",71
"70962",4,1,2,1,5,2,3,2,2,3,3,4,1,4,2,3,3,1,4,2,5,6,3,3,5,2,6,5,5,3,1,0,0,1,0,0,0,0,0,0,0,0,0,0,0,1,"715",52
"70963",5,5,3,5,3,5,5,3,4,5,5,5,5,4,5,3,3,5,5,5,4,1,7,3,6,5,7,5,3,7,1,1,0,1,1,0,0,0,0,1,0,1,0,1,1,1,"102",88
"70964",1,2,4,3,1,2,4,4,2,4,5,4,4,3,4,4,3,4,5,1,6,5,7,3,6,3,7,7,3,7,1,1,0,1,1,0,0,0,0,1,1,0,1,1,1,1,"142",64
"70965",5,5,5,3,5,5,5,4,4,5,4,4,4,5,4,4,3,4,5,1,7,2,2,7,7,5,6,1,7,5,1,1,0,1,1,0,0,0,0,1,0,1,0,1,1,1,"119",84
"70966",4,4,3,4,2,2,4,1,2,2,4,5,4,4,5,5,2,4,5,3,6,2,6,6,7,5,6,6,5,6,1,1,0,1,1,0,0,0,0,0,0,0,0,1,1,1,"302",69
"70967",5,4,4,5,5,1,5,4,3,5,5,5,5,3,4,5,4,1,5,5,2,5,7,1,6,1,6,7,6,7,1,1,1,1,1,0,0,1,0,1,0,1,1,1,1,1,"154",83
"70968",3,4,5,5,4,2,5,3,4,1,5,5,1,5,4,5,5,4,5,4,6,1,7,2,7,5,4,2,2,7,1,1,1,1,1,0,0,0,0,1,0,0,1,1,1,1,"121",79
"70969",1,1,5,4,5,4,4,1,4,1,5,3,1,5,5,5,5,5,4,1,3,7,7,4,7,3,2,7,7,6,1,1,1,1,1,0,1,1,0,1,1,0,1,1,1,1,"308",69
"70970",4,4,4,3,5,1,1,4,1,2,5,5,4,5,1,2,5,1,5,4,1,2,6,3,3,2,2,4,3,3,1,1,0,1,1,0,0,0,0,1,1,0,0,1,1,1,"185",66
"70971",2,4,1,2,2,2,2,4,2,4,4,4,1,4,1,2,3,4,1,4,5,5,6,3,5,4,6,4,3,4,1,1,0,1,1,0,0,1,0,1,1,0,0,1,1,1,"208",53
"70972",1,1,1,1,1,1,1,1,1,1,1,1,1,1,1,1,1,1,2,1,4,6,6,6,7,2,7,6,6,7,1,1,1,1,1,0,1,1,0,1,1,1,1,1,1,1,"97",21
"70973",3,2,4,1,3,2,1,2,1,1,5,5,1,4,1,1,1,4,3,2,4,7,6,7,7,2,7,7,7,6,1,1,0,1,1,1,0,0,0,1,0,0,0,1,1,1,"255",47
"70974",5,5,4,5,5,4,5,5,3,4,2,5,5,5,4,5,4,5,5,4,1,1,6,3,7,1,3,2,5,7,1,1,0,1,1,0,0,0,0,1,0,0,1,1,1,1,"119",89
"70975",4,4,4,2,4,4,4,5,4,4,4,5,5,4,4,4,4,4,5,4,5,2,5,6,5,3,5,5,6,6,1,0,0,1,0,0,0,0,0,1,0,0,0,0,1,1,"131",82
"70976",5,4,4,4,4,5,5,5,2,4,5,4,2,4,4,4,5,4,4,1,6,3,5,7,7,6,3,6,6,5,1,1,0,1,1,0,0,1,0,1,0,0,1,1,1,1,"170",79
"70977",5,4,5,1,4,5,5,2,4,1,5,5,4,4,5,2,5,2,5,5,3,3,6,3,6,1,6,3,3,3,1,1,0,1,1,0,1,1,0,1,1,0,1,1,1,1,"230",78
"70978",2,4,4,3,3,5,5,4,2,4,5,2,2,5,5,5,4,5,5,1,4,1,5,3,5,3,4,4,4,6,1,1,0,1,1,0,0,0,0,1,0,0,0,0,1,1,"177",75
"70979",3,5,3,5,5,3,3,5,3,1,5,5,5,5,5,5,3,5,5,1,1,3,4,1,4,1,5,6,1,4,1,0,0,1,1,0,0,0,0,1,0,0,1,0,0,1,"516",80
"70980",1,1,1,1,1,2,4,1,1,1,3,1,1,2,3,2,4,1,4,1,5,6,6,2,6,3,7,6,5,7,1,1,1,1,1,0,1,1,0,1,1,0,1,1,1,1,"91",36
"70981",2,5,4,5,5,2,4,4,1,5,5,5,2,4,5,5,5,5,5,2,1,3,7,2,3,1,5,6,5,6,1,1,1,1,1,0,0,0,0,1,1,0,1,1,1,1,"133",80
"70982",1,1,1,4,4,2,5,1,2,1,5,4,1,5,2,2,3,1,5,1,2,1,2,1,7,1,6,2,1,5,1,0,0,1,0,0,0,0,0,1,0,0,1,0,1,1,"288",51
"70983",3,4,3,5,5,3,5,4,3,5,3,5,5,3,5,2,3,4,5,3,3,4,6,4,7,3,4,2,6,5,1,1,1,1,1,0,1,1,1,1,0,1,1,1,1,1,"163",78
"70984",5,5,3,4,5,3,5,4,2,4,3,4,4,4,4,3,3,4,5,2,5,1,7,4,7,4,2,3,7,4,1,0,1,1,1,1,1,1,1,1,1,1,1,1,1,1,"102",76
"70985",5,5,5,3,5,5,5,5,3,5,5,5,5,5,5,5,5,5,5,3,7,1,4,3,7,7,2,6,3,7,1,1,0,1,1,0,0,1,0,1,0,0,1,1,1,1,"228",94
"70986",5,5,5,5,5,5,5,5,5,5,5,5,4,5,5,5,5,5,5,5,1,3,5,1,4,1,1,4,1,2,1,1,0,1,1,0,0,0,0,1,0,0,0,1,1,1,"121",99
"70987",5,4,2,2,4,3,5,3,3,3,3,2,2,4,4,3,3,3,3,4,4,6,6,3,4,4,7,3,7,4,1,0,0,1,0,0,0,0,0,1,0,0,0,0,1,1,"261",65
"70988",4,4,5,5,5,4,5,4,5,4,5,5,5,4,5,5,5,4,4,2,2,2,3,2,7,2,5,2,1,7,1,1,1,1,1,0,0,0,0,1,0,1,1,1,1,1,"80",89
"70989",1,1,1,5,1,1,1,5,1,1,1,1,5,5,1,1,5,1,1,1,1,1,7,7,6,1,7,6,7,7,1,1,1,1,1,0,0,1,0,1,0,0,1,1,1,1,"199",40
"70990",5,3,3,5,5,5,5,5,5,4,5,5,5,5,4,5,2,5,5,1,4,3,4,4,5,7,3,3,4,7,1,1,1,1,1,0,1,1,0,1,1,0,1,1,1,1,"84",87
"70991",5,5,3,4,5,5,4,4,5,4,5,5,5,4,4,4,4,5,3,4,3,2,7,2,7,5,4,3,6,4,1,1,0,1,1,0,0,1,0,1,0,1,1,1,1,1,"176",87
"70992",3,3,4,1,4,1,2,3,1,2,2,3,3,1,2,3,2,1,4,2,6,4,6,3,5,4,6,3,5,4,0,1,0,1,1,0,0,0,0,0,0,0,0,0,0,0,"192",47
"70993",5,5,5,5,5,5,5,4,5,5,5,5,4,5,4,5,4,5,5,1,1,1,5,3,5,2,2,6,5,5,1,1,0,1,1,0,0,0,0,1,0,0,1,1,1,1,"163",92
"70994",3,2,1,2,4,4,4,1,1,1,4,4,1,2,5,1,4,2,3,4,5,6,7,6,5,3,6,5,6,7,1,1,0,1,1,1,0,1,0,1,0,0,0,1,1,1,"294",53
"70995",4,4,1,5,5,5,5,2,2,2,5,5,5,5,4,1,5,5,5,1,5,4,6,3,6,3,6,7,5,6,1,1,1,1,1,0,0,0,0,1,0,0,1,1,1,1,"143",76
"70996",4,2,1,4,3,1,1,4,1,1,4,3,1,4,3,1,3,1,5,4,6,7,6,6,7,5,6,7,6,7,1,1,0,1,1,1,0,0,0,1,0,0,1,1,1,1,"166",51
"70997",4,4,4,5,5,4,4,5,4,2,5,4,2,5,5,4,4,4,5,5,5,3,7,2,7,3,3,3,6,7,1,1,0,1,1,1,0,1,0,1,1,0,0,1,1,1,"156",84
"70998",4,5,3,2,5,5,4,2,4,5,5,5,2,3,5,3,5,5,5,2,3,3,4,3,7,1,5,5,6,6,1,1,0,1,1,0,0,0,0,1,0,0,1,1,1,1,"183",79
"70999",5,5,3,4,5,5,3,5,2,3,5,5,5,3,5,2,1,5,5,3,1,2,5,3,4,1,5,7,5,7,1,1,0,1,1,0,0,0,0,1,0,0,1,1,1,1,"210",79
"71000",1,4,2,1,3,3,2,1,1,1,4,3,2,4,3,2,4,5,5,1,5,6,6,6,6,3,6,5,3,6,1,0,0,1,0,0,0,0,0,1,0,0,0,0,1,1,"274",52
