Q1;Q2;Q3;Q4;Q5;Q6;Q7;Q8;Q9;Q10;Q11;Q12;Q13;Q14;Q15;Q16;Q17;Q18;Q19;Q20;Q21;Q22;Q23;Q24;Q25;Q26;country;introelapse;testelapse;surveyelapse;TIPI1;TIPI2;TIPI3;TIPI4;TIPI5;TIPI6;TIPI7;TIPI8;TIPI9;TIPI10;VCL1;VCL2;VCL3;VCL4;VCL5;VCL6;VCL7;VCL8;VCL9;VCL10;VCL11;VCL12;VCL13;VCL14;VCL15;VCL16;education;urban;gender;engnat;age;screenw;screenh;hand;religion;orientation;voted;married;familysize;major;race_arab;race_asian;race_black;race_white;race_hispanic;race_nativeam;race_nativeau;race_other;nerdy;ASD
5;5;5;5;5;5;5;5;5;5;5;5;5;4;5;5;5;5;5;5;3;5;5;5;5;5;CL;728;74;122;1;7;6;7;6;6;5;3;2;3;1;1;1;1;1;0;0;1;0;1;0;0;1;1;1;1;4;3;2;2;24;1280;800;2;7;1;1;1;1;business and economy;0;0;0;0;0;0;0;1;7;2
5;1;3;5;5;5;2;1;4;5;4;1;3;5;1;5;3;5;5;3;1;1;5;5;3;5;US;10;54;76;4;6;1;4;5;3;1;7;4;3;1;1;0;1;1;0;0;1;0;1;0;0;1;1;1;1;3;2;1;1;21;1920;1080;1;2;4;2;1;2;Computer science;0;0;0;1;0;0;0;0;7;2
5;5;5;5;5;5;5;5;3;5;5;4;2;4;4;5;4;5;3;3;2;1;5;5;3;5;US;2;98;195;3;6;7;6;7;1;7;3;4;1;1;1;0;1;1;0;0;1;0;1;1;0;1;1;1;1;3;2;2;1;40;360;640;1;2;2;2;3;1;Computer science;0;1;0;1;0;0;0;0;7;2
4;4;4;5;5;2;5;4;4;4;1;4;2;3;4;2;4;5;1;4;4;2;4;5;3;5;CA;13;50;74;6;6;5;5;6;5;5;5;2;2;1;1;1;1;1;0;0;1;0;1;0;1;1;1;1;1;1;3;2;2;16;1440;900;1;12;2;2;1;4;NA;1;1;0;0;0;0;0;1;5;2
3;4;4;5;5;5;5;3;4;4;1;5;3;2;2;4;5;5;2;4;1;2;5;5;4;5;NZ;25;85;231;2;6;5;3;7;7;1;3;7;6;1;1;1;1;1;0;1;1;0;1;0;0;1;1;1;1;3;2;1;1;31;320;568;2;2;1;2;1;1;Medicine;0;0;0;1;0;0;0;0;5;2
4;0;2;1;5;2;5;1;4;2;2;5;3;1;5;1;2;5;4;3;1;2;5;5;5;5;NONE;6;105;156;3;5;5;2;5;6;6;5;6;1;1;1;1;1;1;0;0;1;0;1;0;0;1;1;1;1;3;1;1;2;22;1280;720;1;12;1;2;1;3;medicine;0;0;0;1;0;0;0;0;5;2
3;1;5;1;3;1;5;1;1;1;1;1;1;5;1;3;1;1;5;5;1;1;1;5;1;3;US;3;79;89;4;4;7;1;7;7;4;3;7;2;1;0;0;1;0;0;0;0;0;1;0;0;0;0;0;1;1;3;1;1;16;1824;1026;1;4;1;2;1;5;NA;0;1;1;1;0;1;0;0;4;2
5;3;5;3;4;1;3;5;1;4;2;1;4;3;2;4;4;4;3;2;1;1;3;3;3;2;CZ;11;101;140;3;6;5;6;4;4;3;4;2;2;1;1;0;1;1;0;0;0;0;1;0;0;0;1;1;1;3;3;2;2;23;1366;768;1;2;1;2;1;2;information and library science;0;0;0;1;0;0;0;0;4;2
4;5;5;4;5;5;5;4;4;2;4;4;3;4;4;3;4;4;3;5;4;2;5;5;4;4;DE;41;102;206;6;7;3;5;6;5;4;5;3;3;1;1;0;1;1;0;0;0;0;1;0;0;0;1;1;1;2;2;2;2;27;2560;1440;1;2;1;1;1;2;NA;0;0;0;1;0;0;0;0;6;2
4;3;4;2;4;3;2;3;3;4;4;2;3;3;2;2;4;4;5;4;1;1;3;4;2;4;US;1;71;101;4;6;5;6;5;2;6;2;5;6;1;1;0;1;1;0;0;0;0;1;0;0;1;1;1;1;3;1;1;1;25;1024;768;1;2;1;1;1;2;History;0;0;0;1;0;0;0;0;5;2
0;5;5;4;5;3;5;1;1;4;5;5;1;2;5;4;5;5;5;4;1;1;4;5;5;5;GB;272;80;116;5;5;6;6;7;7;7;2;5;2;1;1;0;1;1;0;0;0;1;1;0;0;1;1;1;1;3;2;1;1;20;1920;1080;1;2;1;1;1;2;Business;0;0;0;1;0;0;0;0;7;2
3;1;1;2;5;1;5;1;2;3;1;1;1;4;1;1;1;4;1;4;1;1;1;5;1;5;GB;3;181;200;7;7;6;1;7;4;4;4;7;2;1;1;1;1;1;0;0;0;0;1;0;0;1;1;1;1;3;2;1;1;19;360;640;1;1;1;1;1;2;Physics;0;0;0;1;0;0;0;0;3;2
4;2;5;4;4;5;1;4;5;5;1;1;4;3;1;5;5;2;2;4;5;2;5;5;1;5;MX;5;151;106;2;6;5;2;4;7;5;3;6;5;1;1;0;1;1;0;0;1;0;1;0;0;1;1;0;1;1;3;2;2;15;1366;768;1;2;1;2;1;3;NA;0;0;0;0;0;0;0;1;5;2
5;4;5;4;4;4;5;5;5;5;2;4;5;5;3;4;5;5;1;4;5;4;5;4;4;4;GB;17;103;152;1;5;5;7;6;7;5;3;2;1;1;1;1;1;1;0;1;1;0;1;1;0;1;1;1;1;4;2;2;1;35;320;568;1;2;1;1;2;3;Mathematics;0;0;0;1;0;0;0;0;7;2
3;5;1;3;5;3;5;1;5;1;1;5;3;4;1;1;3;3;1;5;1;1;5;5;5;5;US;16;133;202;7;2;7;1;7;2;7;5;6;1;1;1;1;1;1;0;1;1;0;1;1;0;1;1;1;1;2;1;1;2;47;1680;1050;1;1;1;1;2;4;NA;0;0;0;1;0;0;0;0;7;2
2;2;1;1;3;3;1;2;4;5;1;1;4;2;1;1;2;4;2;2;1;3;3;4;2;4;TR;3;84;126;6;7;6;1;5;2;5;1;7;5;1;0;0;1;1;0;0;1;0;1;0;0;0;1;1;1;2;3;1;2;20;1440;900;1;10;1;1;1;2;Management;0;1;0;1;0;0;0;0;1;2
5;5;5;4;3;2;3;2;1;5;2;2;2;4;3;5;4;1;5;4;2;1;1;5;1;3;MX;41;149;325;1;7;6;5;5;7;5;4;3;3;1;1;1;1;1;0;0;1;0;1;0;0;1;1;1;1;2;2;1;2;21;360;640;1;2;1;2;1;2;Computer engineering;0;0;0;0;1;0;0;0;5;2
5;5;3;4;5;4;5;1;4;4;5;5;2;5;4;3;5;5;5;4;1;1;3;5;5;5;US;3;165;239;6;5;6;2;6;3;4;5;7;4;1;1;0;1;1;0;0;1;0;1;0;0;1;1;1;1;2;3;1;2;24;1920;1080;1;1;1;2;1;1;mechanical engineering;0;0;0;1;1;0;0;0;6;2
3;5;4;4;4;3;4;5;5;5;5;4;4;2;4;4;0;2;5;5;4;1;4;3;3;4;ID;20;75;87;5;7;3;7;5;5;7;5;3;2;1;1;0;1;1;1;0;1;0;1;0;0;1;1;1;1;1;2;2;1;16;1280;800;1;1;5;2;1;2;NA;0;1;0;0;0;0;0;0;4;2
5;5;4;5;5;3;5;3;5;4;3;5;5;4;3;3;3;5;3;4;3;3;5;5;5;5;US;33;139;222;5;6;4;4;6;5;6;5;4;3;1;1;1;1;1;0;1;1;0;1;1;0;1;1;1;1;3;2;2;1;37;732;412;1;1;1;2;2;2;Psychology;0;0;0;1;0;0;0;0;6;2
5;4;4;4;5;1;3;4;1;1;4;3;1;4;3;1;4;1;5;3;1;1;1;4;1;5;US;5;89;154;6;5;4;3;5;1;6;6;5;3;1;1;0;1;1;0;0;0;0;1;0;0;1;1;1;1;2;1;1;1;32;1440;900;1;7;1;1;2;2;NA;0;0;0;1;0;0;0;0;6;2
5;4;5;4;5;2;4;5;5;4;3;4;5;3;3;5;4;1;3;4;1;4;3;5;3;4;PH;2;136;184;2;4;3;7;6;5;3;6;2;2;1;1;0;1;1;0;0;0;0;1;0;0;0;1;1;1;3;3;2;2;22;768;1024;1;4;1;2;1;2;Fine Arts;0;1;0;0;0;0;0;0;4;2
3;3;4;3;4;4;5;3;4;4;5;4;3;5;3;5;4;4;3;2;4;2;4;4;5;4;NL;4;103;141;5;5;5;5;6;6;7;3;3;3;1;1;1;1;1;0;0;1;0;1;1;0;0;1;1;1;2;1;1;2;39;1680;1050;1;12;2;1;1;3;NA;0;0;0;1;0;0;0;0;5;2
4;3;4;4;3;3;4;4;3;2;4;4;4;4;1;4;4;1;5;4;1;3;1;4;4;4;IT;2;202;158;1;5;5;5;4;6;4;5;5;5;1;1;1;1;1;0;0;0;0;1;0;0;0;1;1;1;2;3;1;2;23;1600;900;1;2;1;2;1;2;NA;0;0;0;1;0;0;0;0;6;2
5;3;5;5;4;3;1;5;3;3;1;3;2;3;3;3;5;1;1;3;3;1;3;4;1;3;US;17;128;160;5;4;6;6;6;5;6;5;4;1;1;1;0;1;1;0;0;0;0;1;0;1;0;1;1;1;2;2;2;1;17;1366;768;1;7;1;2;1;4;psychology;0;0;1;0;0;0;0;1;4;2
4;4;4;5;2;1;3;4;4;5;5;3;3;3;5;3;3;4;2;2;4;2;2;3;4;2;US;13;102;166;1;5;3;3;6;6;1;5;6;5;1;1;1;1;1;1;0;0;0;1;0;1;1;1;1;1;2;1;2;1;21;412;732;1;2;5;2;1;6;Linguistics;0;0;0;1;0;0;0;0;6;2
5;4;4;4;5;2;4;4;3;3;4;4;2;4;1;3;3;4;5;4;1;2;4;4;4;3;GR;84;89;133;4;3;3;2;3;6;4;3;6;3;1;1;0;1;1;0;0;1;0;1;0;0;1;1;1;1;2;2;1;2;17;1920;1080;1;1;1;2;1;1;NA;0;0;0;1;0;0;0;0;5;2
5;5;5;5;5;5;5;5;5;5;5;5;5;5;5;5;5;5;5;5;5;4;5;5;5;5;IN;11;95;187;1;4;2;6;7;7;6;7;5;1;1;1;0;1;1;0;0;0;0;1;0;0;0;1;1;1;2;2;1;2;15;360;640;1;8;1;2;1;2;NA;0;1;0;0;0;0;0;1;7;2
4;4;3;4;4;2;5;4;4;2;4;4;4;4;3;2;4;3;4;2;2;1;1;4;3;4;DE;2;99;184;2;6;6;5;5;5;3;2;5;2;1;1;0;1;1;0;0;1;0;1;0;0;1;1;1;1;2;3;1;2;41;1920;1080;1;1;1;1;1;1;NA;0;0;0;1;0;0;0;1;6;2
4;2;5;4;4;2;5;5;3;5;2;4;3;2;1;5;5;4;5;2;1;1;2;5;5;4;GB;5982;56;72;4;5;3;6;5;6;3;6;2;5;1;1;0;1;1;0;0;0;0;1;0;1;1;1;1;1;3;2;1;1;22;1280;800;2;2;3;1;1;3;music;0;0;0;1;0;0;0;0;3;2
5;5;5;5;5;5;5;5;5;5;3;5;5;5;5;2;5;5;5;5;5;5;5;5;5;5;RU;628;68;88;5;7;5;7;6;6;5;6;5;3;1;1;0;1;1;0;1;1;0;1;0;0;1;1;1;1;2;3;2;2;20;1280;800;1;4;2;2;1;2;computer engineering;0;0;0;1;0;0;0;0;6;2
5;5;5;5;1;2;5;4;4;4;5;5;4;3;5;5;3;3;5;4;5;1;1;5;4;3;US;38;69;101;6;6;5;6;7;6;7;2;6;3;1;1;0;1;1;0;0;0;0;1;0;0;1;1;1;1;2;3;2;1;20;1920;1080;1;2;2;2;1;2;NA;0;0;0;1;0;0;0;0;7;2
3;5;4;1;4;5;5;5;5;5;4;5;3;3;5;2;5;5;1;5;1;1;5;5;5;5;IE;20;108;165;3;5;6;6;6;5;5;2;3;5;1;1;1;1;1;1;0;0;0;1;0;0;1;1;1;1;2;2;2;1;16;360;640;1;7;2;2;1;3;NA;0;0;0;1;0;0;0;0;7;2
2;4;3;5;5;4;5;2;4;3;5;4;4;5;4;3;4;5;4;5;5;1;4;4;5;5;US;4;63;79;5;7;5;6;7;1;5;5;3;1;0;0;0;0;0;0;1;1;0;0;1;1;0;0;0;0;2;2;2;1;18;1366;768;3;2;1;2;1;4;Biomedical engineering;0;0;0;1;1;0;0;0;6;2
5;4;5;5;5;2;5;5;4;2;1;5;5;5;3;5;4;4;2;5;1;3;5;5;4;4;GR;288;72;100;3;6;3;7;2;6;4;7;2;0;1;0;0;1;1;0;0;1;0;1;0;0;0;1;1;1;2;3;2;2;16;1366;768;1;0;1;2;1;2;NA;0;0;0;0;0;0;0;0;6;2
4;4;5;4;5;4;5;5;5;4;3;4;3;5;3;5;5;4;4;3;1;3;5;4;5;5;US;9;162;98;3;5;4;5;5;5;3;4;3;3;1;1;0;1;1;0;0;0;0;1;0;0;1;1;1;1;2;2;1;1;19;1920;1080;1;1;2;2;1;4;Business;0;0;0;1;0;0;0;0;6;2
5;5;4;4;3;4;4;4;4;5;5;3;5;4;4;2;4;4;2;4;5;1;4;5;1;4;US;3;87;65;2;6;5;6;6;6;5;5;3;4;1;1;0;1;1;0;0;0;0;1;0;0;1;1;1;1;2;3;2;1;19;1366;768;1;2;1;2;1;4;NA;0;0;0;1;0;0;0;0;6;2
4;5;4;3;3;4;4;4;4;4;4;4;5;3;4;3;3;4;5;4;3;2;3;4;4;4;US;1;94;74;3;5;3;6;4;5;3;5;3;3;1;1;0;1;1;0;0;0;0;1;0;0;0;1;1;1;2;2;2;1;18;1440;900;1;2;1;2;1;2;psychology, legal studies;0;0;0;1;0;0;0;0;5;2
5;5;5;5;5;5;5;5;5;5;4;5;5;5;3;5;5;5;5;5;1;3;5;5;5;5;US;1;67;260;2;5;3;7;6;7;6;6;5;3;1;1;1;1;1;0;0;1;0;1;1;0;1;1;1;1;3;2;1;1;24;360;640;1;2;1;1;1;2;Computer science;0;0;0;1;0;0;0;0;7;1
3;5;1;3;5;5;5;4;5;2;1;3;4;5;1;1;2;5;2;5;1;1;5;5;3;5;US;5;87;134;6;7;7;5;7;3;1;1;5;2;1;1;0;1;1;1;0;0;0;1;0;0;1;0;1;1;1;2;2;1;13;768;1024;1;4;1;2;1;2;NA;0;0;0;1;0;0;0;0;7;2
5;5;5;5;4;5;5;5;4;5;3;5;3;3;5;5;4;4;2;5;1;2;5;2;4;4;US;27;118;186;2;3;6;7;7;7;7;2;4;2;1;1;1;1;1;0;0;0;0;1;0;0;1;1;1;1;2;3;2;1;18;360;640;1;6;2;2;1;3;NA;0;0;0;1;0;0;0;0;6;2
1;4;4;1;3;4;4;1;2;1;5;4;1;1;5;3;1;4;5;1;1;1;3;1;1;4;US;2;109;280;6;5;7;5;5;5;3;3;6;4;1;1;0;1;1;0;0;0;0;1;0;0;0;1;1;1;2;2;1;1;22;412;846;1;1;1;1;1;2;Business;0;0;0;1;0;0;0;0;6;2
4;5;4;5;5;4;5;3;5;5;5;5;5;5;2;1;5;1;5;3;2;1;5;5;5;5;CA;277;81;124;2;5;6;3;5;6;3;3;7;1;1;1;1;1;1;0;0;1;1;1;1;0;1;1;1;1;3;1;1;1;24;1920;1200;1;2;1;2;1;2;Audio Engineering;0;0;0;1;0;0;0;0;5;2
4;3;2;4;5;4;4;1;4;3;1;3;2;4;1;3;4;4;3;3;2;2;4;4;4;5;US;1;87;148;4;5;3;2;7;5;5;6;6;2;1;1;1;1;1;1;1;1;0;1;1;0;1;1;1;1;3;2;1;1;46;1920;1080;1;6;1;1;3;2;Political Science;0;1;0;1;0;0;0;0;6;2
4;5;5;3;5;5;5;5;5;5;4;5;5;5;5;4;5;1;5;5;4;4;5;5;5;4;US;113;94;233;4;6;7;5;6;7;7;3;5;2;1;1;1;1;1;1;0;0;0;1;0;1;0;1;1;1;2;2;2;1;18;1536;864;1;7;1;2;1;5;NA;0;0;0;1;0;0;0;0;7;2
5;5;5;5;5;4;5;5;5;5;5;5;5;5;5;5;4;5;5;4;3;1;5;5;4;5;NZ;8;47;97;5;1;3;5;7;5;6;6;3;1;1;1;1;1;1;0;1;1;0;1;1;0;1;1;1;1;3;2;3;1;32;768;1024;1;2;2;1;1;2;Law;0;0;0;1;0;0;0;0;7;1
3;5;5;5;5;4;5;5;5;5;1;5;5;5;5;5;5;5;1;4;1;5;5;5;5;3;IN;151;145;606;7;5;6;7;7;7;7;3;5;1;1;1;0;1;1;0;0;1;0;1;0;1;0;1;1;1;2;1;2;2;17;320;570;1;6;1;2;1;2;computer science engineering;0;1;0;0;0;0;0;0;5;2
4;5;5;3;5;5;5;5;5;5;5;5;5;5;4;5;5;5;5;5;3;4;5;5;4;4;US;1;57;261;1;2;6;3;7;7;5;6;6;2;1;1;1;1;1;1;1;1;1;1;1;1;1;1;1;1;3;2;2;2;18;2048;1152;1;2;3;2;1;4;Chemical Engineering;0;0;0;1;0;0;0;0;7;2
4;5;4;5;4;4;4;5;3;4;5;4;4;4;5;4;4;5;3;4;2;2;5;4;4;4;US;2025;61;77;3;3;5;5;6;6;5;6;4;2;1;1;1;1;1;0;1;1;0;1;1;0;1;1;1;1;4;3;2;1;28;1440;900;1;1;2;1;1;3;Art History, Classics;0;0;0;1;0;0;0;0;7;2
2;5;2;2;5;4;5;2;4;2;2;4;4;2;4;2;2;4;5;2;1;1;1;5;4;4;VN;2;84;171;7;2;6;1;7;2;7;3;7;5;1;1;0;1;1;0;0;1;0;1;0;0;1;1;1;1;2;3;1;2;18;375;667;1;2;1;2;1;2;NA;0;0;0;1;0;0;0;0;2;2
4;4;5;4;3;1;5;5;2;5;5;4;1;1;3;4;2;2;5;4;1;1;1;3;4;3;CA;8;99;100;1;5;6;6;6;7;6;6;5;5;1;0;0;1;1;0;0;0;0;1;0;0;0;1;1;1;2;3;1;2;18;1920;1080;1;8;1;1;1;1;NA;0;1;0;0;0;0;0;0;5;2
5;5;5;5;5;3;5;5;5;5;5;5;3;1;5;5;5;5;5;1;5;1;1;5;1;5;US;307;185;111;4;5;5;6;6;6;5;5;4;1;1;1;0;1;1;0;0;0;0;1;0;0;1;1;1;1;2;3;1;1;20;1024;576;1;12;5;1;1;3;psychology;0;0;1;0;0;1;0;0;4;1
1;4;2;1;4;4;5;1;5;4;1;4;4;5;1;3;2;4;3;3;4;1;2;5;1;5;CA;3;73;133;4;5;3;5;7;6;6;5;3;1;1;1;1;1;1;0;1;1;0;1;1;0;1;1;1;1;4;2;2;1;25;1440;900;1;1;2;1;2;2;Psychology;0;0;0;1;1;0;0;0;5;2
5;5;2;5;5;1;5;3;4;3;4;4;2;5;1;1;3;1;1;2;4;3;5;4;4;4;NONE;4;232;468;7;4;4;1;7;7;7;1;6;1;1;0;0;1;0;0;0;0;0;1;0;0;0;0;0;1;3;2;1;2;31;1366;768;1;8;5;2;1;4;engineering;0;1;0;0;0;0;0;0;7;2
5;5;5;4;4;2;5;4;4;4;5;5;3;5;1;5;5;2;5;5;1;1;1;4;5;5;EE;12;128;130;1;7;6;5;6;7;2;5;6;1;1;1;0;1;1;0;0;0;0;1;0;1;0;1;1;1;2;2;1;1;20;1920;1080;2;2;3;2;1;2;NA;0;0;0;1;0;0;0;0;6;2
5;4;5;5;5;3;5;5;5;5;1;1;3;5;1;5;4;5;1;5;1;1;5;5;5;5;NL;21;74;125;4;6;6;2;5;6;5;7;1;2;1;1;1;1;1;0;0;1;0;1;0;1;1;1;1;1;2;2;3;2;18;1366;768;1;6;1;2;1;4;NA;0;0;0;1;0;0;0;0;7;2
4;5;2;4;4;4;5;3;4;2;4;4;1;2;3;3;2;5;5;3;5;1;2;4;3;4;GB;277;90;180;7;5;2;5;7;2;7;6;2;2;1;1;1;1;1;0;0;0;0;1;1;0;1;1;1;1;2;2;1;1;19;1366;768;1;1;1;1;1;3;Biology;0;0;0;0;0;0;0;1;4;2
3;5;4;4;5;5;5;2;5;5;1;5;3;4;1;3;4;5;2;4;4;2;5;4;4;5;NZ;2;181;136;5;5;4;5;6;6;7;5;4;2;1;1;1;1;1;0;0;1;0;1;1;0;1;1;1;1;2;2;2;1;28;1280;800;1;2;3;1;1;2;Psychology;0;0;0;1;0;0;0;0;7;2
5;5;2;4;4;4;5;4;5;4;5;5;3;5;3;4;4;4;5;4;1;1;4;5;5;5;PL;1;88;104;6;7;6;5;7;5;6;3;6;1;1;0;1;1;1;1;1;0;0;1;0;0;1;1;1;1;3;1;1;2;22;1680;1050;1;2;1;1;1;1;IT Engineering, Computer Science;0;0;0;1;0;0;0;0;6;2
2;4;5;3;3;3;5;4;4;3;4;4;3;3;1;1;3;4;4;4;3;2;5;4;1;5;PH;14;229;228;6;2;6;3;7;6;5;5;7;5;1;1;0;1;1;0;0;1;0;1;0;0;0;1;1;1;2;3;2;2;18;1440;900;1;4;1;2;1;0;NA;0;1;0;0;0;0;0;0;5;2
5;5;4;4;5;5;5;4;4;5;5;5;5;5;1;3;5;5;3;4;4;4;5;4;2;5;US;62;120;229;1;1;6;1;5;4;5;6;7;3;1;1;1;1;1;0;1;1;0;1;1;0;1;1;1;1;2;1;2;1;48;720;1280;1;12;2;2;3;3;Foreign Languages;0;0;0;1;0;0;0;0;7;2
5;2;5;5;4;5;4;5;5;4;1;1;5;5;4;2;5;4;2;5;2;2;5;4;2;4;GB;224;66;101;3;7;6;1;5;5;1;4;6;3;1;1;1;1;1;0;0;0;0;1;1;0;1;1;1;1;2;3;2;1;23;1366;768;1;2;2;1;1;2;NA;0;0;0;1;0;0;0;0;7;2
5;4;5;5;3;3;3;5;4;4;4;2;3;4;3;5;4;1;5;3;1;4;5;3;1;3;US;7;174;218;5;6;4;5;4;3;5;7;5;1;1;1;1;1;1;0;0;0;0;1;0;1;0;1;1;1;2;3;2;1;16;320;568;1;1;2;2;1;2;NA;0;0;0;1;0;0;0;0;3;0
1;1;4;2;2;2;5;1;3;3;1;5;2;3;1;2;2;4;1;3;1;1;1;1;1;4;US;13;140;218;3;4;5;1;6;5;4;2;6;2;1;1;0;1;1;0;1;0;0;1;0;0;1;1;1;1;3;2;1;1;69;1024;600;1;1;1;1;2;7;NA;0;0;0;1;0;0;0;0;2;2
4;5;4;4;4;3;5;4;4;3;5;5;3;4;3;2;3;3;5;2;2;2;4;4;5;4;NONE;183047;153;220;6;5;5;5;7;4;6;6;6;4;1;1;0;1;1;0;0;0;0;1;0;0;1;1;1;1;3;3;1;2;25;979;550;1;10;0;2;1;11;Business Administration;0;0;0;1;1;0;0;0;6;2
4;3;5;4;4;4;5;4;5;5;2;5;2;3;2;5;4;4;2;4;1;1;5;5;2;5;MT;2;124;158;5;5;6;5;6;5;6;7;3;3;1;1;0;1;1;0;0;0;0;1;0;0;0;1;1;1;1;3;2;1;16;1440;900;1;1;1;2;1;2;NA;0;0;0;1;0;0;0;0;6;2
3;1;4;2;3;3;5;1;2;3;1;4;2;3;2;4;2;1;3;3;1;1;1;4;4;5;FR;7133;114;167;3;6;6;2;5;5;5;3;5;1;1;1;0;1;1;0;0;0;0;1;1;0;1;1;1;1;3;2;1;2;26;1280;800;1;1;1;2;1;4;electronic engineering;0;0;0;1;0;0;0;0;3;2
5;3;5;5;5;4;5;2;5;5;4;3;5;5;1;5;5;5;5;5;4;5;3;5;4;5;FR;2;89;163;5;6;6;3;6;6;4;5;2;1;1;1;0;1;1;0;0;1;0;1;1;0;1;1;0;1;4;1;1;2;22;1920;1080;3;2;1;2;1;4;mathematics;0;0;1;1;0;0;0;0;6;2
3;4;5;4;4;5;4;4;3;5;1;4;3;5;4;5;4;4;1;2;5;1;5;4;4;4;US;9;155;197;1;7;3;6;6;3;1;5;4;3;1;1;0;1;1;0;0;0;0;1;0;0;0;1;1;1;4;3;2;2;27;375;812;1;2;1;2;1;2;Design;0;1;0;0;0;0;0;0;5;2
4;5;5;5;5;4;5;4;5;5;5;5;5;4;1;5;5;5;5;5;1;2;5;5;5;5;PL;6;415;800;1;6;6;4;4;4;6;5;1;1;1;1;1;1;1;1;1;1;1;1;1;1;1;1;1;1;2;3;1;1;19;360;668;1;2;4;1;1;1;NA;0;0;0;1;0;0;0;0;6;2
2;5;4;3;4;5;5;4;5;5;5;5;4;5;4;5;5;5;5;5;5;2;3;5;5;5;GB;16;102;217;1;2;7;1;6;7;6;1;7;1;1;1;1;1;1;1;1;1;0;1;1;0;1;1;1;1;0;3;1;1;53;768;1024;1;2;1;1;1;3;Physics Creative Writing 2 degrees;0;0;0;1;0;0;0;0;7;2
5;5;5;4;5;5;2;5;5;5;2;5;5;5;4;3;5;5;4;5;5;4;5;5;3;5;US;4;122;215;2;5;6;5;6;7;5;6;5;2;1;1;1;1;1;0;1;1;1;1;1;1;1;1;1;1;1;2;2;1;17;375;667;1;1;5;2;1;3;Gender Studies;0;0;0;1;0;1;0;0;6;2
5;5;5;3;3;4;3;5;4;4;5;2;4;3;5;5;4;1;5;3;5;1;5;5;2;4;BR;13;132;246;6;5;3;7;7;4;7;5;1;1;1;1;1;1;1;1;0;0;0;1;0;0;0;1;1;1;1;3;2;2;18;375;667;1;12;2;2;1;1;NA;0;0;0;1;1;0;0;0;6;2
5;2;5;5;5;5;2;5;5;5;4;2;5;4;1;5;5;5;3;5;5;5;5;5;2;5;GB;12;97;98;1;5;6;7;5;7;5;6;1;2;1;1;1;1;1;0;1;1;0;1;1;0;1;1;1;1;3;2;2;1;20;1280;800;1;7;0;1;1;2;English lit;0;0;0;1;0;0;0;0;7;2
3;5;3;4;5;4;5;2;4;4;3;3;2;5;2;1;2;3;3;2;4;2;2;5;2;5;DE;4;85;146;7;5;3;5;7;3;6;6;4;1;1;1;0;1;1;0;0;1;0;1;0;0;1;1;1;1;3;2;1;2;31;1280;800;1;6;1;1;1;3;PSYCHOLOGY;0;0;0;1;0;0;0;0;6;1
2;4;5;5;5;4;4;2;5;4;5;5;3;4;5;2;2;2;4;2;1;2;5;4;2;5;US;14;79;74;6;2;6;2;6;2;6;2;3;1;1;1;1;1;1;0;0;0;0;1;0;0;1;1;1;1;3;1;2;1;27;1920;1080;1;7;2;1;1;3;Speech communication;0;0;0;1;0;0;0;0;5;2
5;3;3;5;4;5;4;3;5;5;3;1;1;1;1;3;5;3;5;1;2;2;4;5;2;5;AR;7;207;234;7;7;7;5;7;3;5;1;3;1;1;1;0;1;1;0;0;0;0;1;0;0;1;1;1;1;2;3;1;2;20;1440;900;1;1;2;1;1;1;English;0;0;0;1;1;0;0;0;6;2
5;5;5;4;4;5;5;5;5;5;4;5;5;5;5;5;5;5;4;5;4;3;5;5;4;5;US;9;65;179;1;1;7;6;5;7;5;1;5;2;1;1;1;1;1;0;0;1;0;1;1;0;1;1;1;1;4;1;2;1;29;360;640;2;7;1;1;2;1;English;0;0;0;1;0;0;0;0;7;2
5;4;1;4;5;2;5;1;1;1;5;5;1;3;1;1;1;5;5;1;5;1;1;4;5;4;FR;15;96;152;6;6;7;1;6;6;7;7;7;2;1;1;0;1;1;0;0;0;0;1;1;0;1;1;1;1;3;3;1;2;25;360;640;2;2;1;1;1;2;English;1;0;1;1;0;0;0;1;6;2
5;4;4;4;5;5;5;3;5;2;1;4;3;5;2;1;2;4;1;4;1;2;4;4;4;5;NZ;5;105;172;4;6;7;6;4;2;2;2;3;1;1;1;1;1;1;0;1;1;0;1;0;1;1;1;1;1;4;3;2;1;49;1440;900;1;2;1;1;3;2;Biology;0;0;0;1;0;0;0;0;5;2
4;4;4;4;4;4;4;4;3;4;5;4;2;2;2;4;4;3;5;4;4;1;4;3;4;4;GB;10;116;88;3;5;2;5;6;5;2;6;2;2;1;1;1;1;1;0;1;1;0;1;1;0;1;1;1;1;3;3;1;1;31;1920;1080;1;1;3;2;1;1;English Language & Literature;0;0;0;1;0;0;0;0;5;2
5;5;4;4;5;3;5;5;5;1;5;5;1;4;5;1;2;5;5;5;3;1;5;5;5;5;US;437;433;176;7;4;4;5;7;1;6;6;3;2;1;1;1;1;1;0;1;0;0;1;0;0;1;1;1;1;1;2;1;1;15;1920;1080;1;12;1;2;1;1;N/A;0;1;0;0;0;0;0;0;7;2
5;4;5;5;3;5;5;3;4;3;5;4;3;3;3;5;3;5;5;3;4;3;5;3;3;4;US;4;103;145;6;5;3;4;6;4;5;3;4;2;1;1;1;1;1;1;1;1;1;1;1;1;1;1;1;1;0;2;2;1;14;412;732;3;2;2;2;1;6;NA;0;0;0;0;1;0;0;0;7;2
4;5;4;4;4;4;5;5;4;4;1;4;5;5;4;2;5;4;1;3;4;4;5;4;2;5;US;17;114;183;3;4;5;6;6;3;5;2;6;1;1;1;1;1;1;0;0;1;0;1;0;0;1;1;1;1;3;0;2;1;37;360;640;1;2;2;2;1;2;Liberal Arts;0;0;0;1;0;0;0;0;6;2
4;5;4;2;2;2;4;2;4;5;5;5;4;2;5;2;2;3;5;2;5;2;4;2;1;4;CA;2364;74;76;2;6;7;6;6;5;5;1;5;3;1;1;1;1;1;0;0;1;0;1;1;0;1;0;1;1;3;1;1;1;25;1680;1050;1;2;1;1;1;3;English;0;0;0;1;0;0;0;0;7;2
5;5;4;5;4;3;5;5;5;3;5;5;2;4;5;5;5;4;5;3;5;2;4;5;5;5;US;15;483;311;6;6;6;7;7;1;6;5;3;1;1;1;1;1;1;1;0;1;0;1;0;1;1;1;1;1;3;1;1;1;50;1536;864;1;12;1;1;2;1;Criminal Justice;0;0;0;1;0;0;0;0;7;2
4;2;5;4;4;4;4;4;4;5;3;4;3;3;2;5;4;5;3;4;5;3;4;5;3;5;FR;5145;131;72;3;6;6;7;5;6;3;4;2;3;1;1;0;1;1;0;0;0;0;1;1;0;1;1;1;1;3;1;2;1;19;1440;900;1;1;2;2;1;2;Cinema;0;0;0;1;0;0;0;0;6;2
5;5;5;5;5;3;5;5;5;3;1;5;1;3;5;1;3;5;5;3;1;1;5;1;5;1;US;4;91;211;7;7;3;5;7;1;7;2;2;3;1;1;0;1;1;1;0;1;0;1;0;0;1;1;1;1;3;2;1;1;31;1920;1080;1;2;1;2;2;3;mechanical engineering;0;0;0;1;1;1;0;0;5;1
4;4;5;5;5;5;5;5;5;5;3;5;4;4;5;5;5;5;4;4;5;5;5;5;5;5;US;34;129;254;5;6;5;2;6;4;1;4;6;1;1;1;1;1;1;0;1;1;0;1;1;0;1;1;1;1;4;2;1;2;40;412;732;1;2;1;2;3;2;Medicine;0;1;0;0;0;0;0;0;7;2
4;5;4;4;3;5;5;4;3;5;3;5;2;3;4;3;4;5;4;3;1;1;4;5;4;4;US;4;121;213;3;5;5;6;2;7;5;2;4;3;1;1;1;1;1;0;1;0;0;1;0;0;1;1;1;1;4;2;1;1;46;1280;853;1;1;1;2;2;2;biology;0;1;0;0;0;0;0;0;7;2
4;5;3;5;5;5;5;5;5;5;5;5;5;4;5;2;4;5;5;2;5;2;5;5;5;5;US;20;119;267;6;6;5;5;7;4;6;6;5;2;1;1;1;1;1;0;0;1;0;1;1;0;1;1;1;1;3;2;1;1;26;1536;864;1;6;1;1;2;2;Biochemistry;0;1;0;0;0;0;0;0;7;2
5;5;5;5;5;5;5;5;5;5;5;5;5;5;1;5;5;5;5;5;1;1;5;5;2;5;US;3;75;158;2;6;7;6;7;5;2;4;3;1;1;1;1;1;1;1;1;1;0;1;0;1;1;1;1;1;0;2;2;1;19;375;667;1;1;0;1;1;2;Neuroscience;0;0;0;1;0;0;0;0;7;2
5;5;5;3;5;4;5;5;5;5;5;5;5;5;1;5;5;4;5;5;5;1;2;5;5;5;AR;15;96;191;1;4;6;6;7;7;5;6;4;1;1;1;1;1;1;0;1;1;0;1;0;0;1;1;1;1;1;2;1;2;17;1920;1080;1;1;1;1;1;3;NA;0;0;0;0;0;1;0;0;7;2
1;3;1;1;1;1;4;1;5;1;1;1;1;1;3;1;1;1;1;1;3;1;1;5;1;5;PE;3;101;169;7;6;6;1;7;2;1;3;7;1;1;1;0;1;1;0;0;1;0;1;0;1;1;1;1;1;2;3;1;1;21;360;640;1;4;1;1;1;1;NA;0;0;0;1;1;0;0;0;1;2
5;5;5;5;4;4;5;5;5;5;5;5;4;5;5;3;5;5;4;4;5;1;5;5;1;5;US;3;120;206;2;5;6;6;6;6;5;2;3;1;1;1;1;1;1;0;0;0;1;1;0;1;0;1;1;1;1;3;2;1;15;375;667;1;6;2;2;1;4;NA;0;0;0;1;0;0;0;0;7;2
3;4;4;5;3;4;5;5;5;5;1;3;5;5;1;5;5;5;3;5;1;3;1;5;5;5;CN;2;6249;951;3;5;4;5;6;4;1;7;5;2;1;1;1;1;1;0;1;0;0;1;0;0;0;1;1;1;1;3;2;2;16;360;640;1;2;2;2;1;2;NA;0;1;0;0;0;0;0;0;6;2
5;4;5;3;5;1;5;3;3;2;1;5;4;5;1;5;5;3;5;3;4;1;1;3;5;1;RO;4;220;145;2;6;2;5;6;2;5;6;6;2;1;0;1;1;1;0;0;0;0;1;0;0;0;1;1;1;2;3;1;2;30;1600;900;1;2;1;2;2;2;NA;0;0;0;1;0;0;0;0;6;2
1;4;1;1;2;3;4;2;2;4;1;4;2;4;2;2;2;4;3;3;1;1;3;3;1;4;US;10;125;188;4;2;6;2;5;4;6;3;6;5;1;1;1;1;1;1;0;1;0;1;0;1;1;1;1;1;3;3;1;1;45;1400;1050;1;7;1;1;2;2;NA;0;0;0;1;0;0;0;0;4;2
4;4;5;5;1;5;3;4;4;4;1;4;5;2;5;4;3;5;1;3;1;5;5;3;3;4;US;17;118;166;3;5;4;5;3;6;6;2;6;7;1;1;0;1;1;0;0;0;0;1;0;0;1;1;1;1;2;1;2;1;21;1366;768;1;6;1;2;1;4;Mathematics;0;0;0;1;0;0;0;0;6;2
5;5;5;5;5;5;0;5;5;5;4;5;5;5;1;5;5;5;4;5;1;5;5;5;5;5;US;4;44;120;1;3;7;5;6;7;2;1;7;5;1;1;1;1;1;0;1;1;0;1;0;0;1;1;1;1;2;3;2;2;13;1440;900;1;12;4;2;1;1;NA;0;1;0;0;0;0;0;0;7;1
3;5;4;2;5;5;5;5;3;2;5;5;3;4;2;1;4;5;3;5;1;2;4;4;5;5;GB;9;96;122;2;5;6;2;6;5;4;5;5;5;1;1;1;1;1;0;1;0;0;1;0;0;1;1;1;1;4;2;1;1;41;1920;1080;1;4;1;2;1;4;computing;0;0;0;1;0;0;0;0;5;2
5;5;5;5;1;5;5;5;5;1;5;5;5;5;1;5;5;5;5;5;5;1;5;5;5;5;AU;4;154;294;6;7;6;7;2;4;7;2;4;1;1;1;0;1;1;0;0;0;0;1;0;0;0;0;1;1;2;3;1;2;13;1289;859;1;10;1;0;0;1;Physics;0;0;0;0;0;0;0;1;5;2
3;4;2;2;2;3;4;4;3;3;3;4;2;2;4;3;2;4;1;2;2;1;3;4;4;4;CA;1;84;113;5;2;7;2;6;4;5;1;6;2;1;1;1;1;1;0;0;1;0;1;0;1;1;1;1;1;4;2;2;1;37;1920;1080;1;2;1;1;2;3;Journalism;0;0;0;1;0;0;0;0;5;2
4;5;5;5;5;4;5;5;5;5;5;3;5;5;2;5;5;5;3;4;3;4;5;5;5;5;US;57;49;152;3;3;6;2;7;7;6;2;3;1;1;1;1;1;1;0;1;1;0;1;1;0;1;1;1;1;4;1;2;2;46;1152;648;1;1;1;1;2;3;Computational Mathematics;0;0;0;1;0;0;0;0;7;2
5;5;5;5;2;2;4;5;5;5;5;5;5;2;3;5;5;1;5;2;3;1;2;5;4;4;PH;1181;117;78;2;2;3;6;7;7;7;6;2;1;1;1;0;1;1;0;0;1;0;1;0;0;1;1;1;1;2;3;1;1;20;1536;864;2;6;1;2;1;2;Computer Science;0;1;0;0;1;0;0;0;6;2
5;5;5;5;4;4;4;4;5;5;5;4;4;5;5;3;3;5;4;5;5;5;5;5;3;5;US;127;126;160;5;2;7;6;7;7;7;2;5;2;1;1;1;1;1;0;0;0;0;1;0;1;1;1;1;1;4;2;2;1;30;1440;900;1;12;2;2;1;3;Library Science;0;0;0;1;0;0;0;0;7;2
2;4;5;2;5;4;4;5;4;5;2;2;2;4;2;4;5;3;1;2;4;2;5;5;2;5;DE;38;160;277;2;5;2;2;6;6;6;6;6;2;1;1;1;1;1;0;0;0;0;1;0;0;1;1;1;1;1;3;2;2;16;375;667;1;1;1;2;1;2;NA;0;0;1;1;1;0;0;0;6;2
5;4;5;5;5;5;5;5;5;5;5;4;5;5;3;5;4;5;4;2;5;3;5;5;4;5;US;1;47;114;1;2;2;7;6;6;7;6;1;1;1;1;1;1;1;0;1;1;1;1;1;1;1;1;1;1;2;2;2;1;17;375;667;1;12;3;2;1;0;Philosophy;0;0;0;1;0;0;0;0;7;2
2;5;4;4;4;4;4;1;5;4;5;4;3;3;2;2;4;5;5;2;2;2;4;5;4;4;US;344;70;114;6;3;5;2;7;5;6;2;5;2;1;1;1;1;1;0;0;0;0;1;0;0;1;1;1;1;3;2;2;1;26;1600;900;1;3;3;1;1;3;Photography;0;0;0;1;0;0;0;0;5;2
3;4;4;4;2;5;4;4;3;5;3;4;3;2;2;5;3;5;2;3;1;2;3;4;2;4;US;4;100;223;6;2;3;2;6;6;5;6;7;2;1;1;1;1;1;1;1;1;0;1;0;0;1;1;1;1;3;3;2;1;51;320;568;2;6;1;1;2;2;General studies;0;0;0;1;0;0;0;0;6;2
4;4;4;4;3;4;5;5;4;3;4;4;3;5;5;3;3;5;1;3;1;3;4;4;2;4;US;23;93;162;2;4;3;6;6;6;5;5;3;4;1;1;1;1;1;0;1;1;0;1;1;0;1;1;1;1;3;0;2;1;28;1536;864;1;12;4;2;1;2;biology;0;0;0;1;0;0;0;0;6;2
3;3;4;4;4;1;4;4;1;1;2;1;1;4;4;3;5;3;5;3;1;1;1;4;4;1;PL;1;96;168;5;7;3;5;6;5;2;6;3;1;1;0;0;1;0;0;0;0;0;1;0;0;0;1;0;1;2;2;1;2;19;1920;1080;1;1;1;2;1;1;NA;0;0;0;1;0;1;1;0;4;2
4;5;5;5;3;4;4;4;5;4;5;4;2;2;4;2;4;5;5;3;2;2;4;4;4;5;US;3;73;106;4;3;3;2;6;4;6;5;3;5;1;1;1;1;1;0;1;0;0;1;1;0;1;1;1;1;2;2;1;1;20;360;740;1;9;2;2;1;1;Computer Science;0;0;0;1;1;0;0;0;6;2
4;5;5;3;5;5;4;4;5;5;5;4;4;5;1;5;5;5;5;5;5;3;5;5;4;5;US;13;99;232;3;6;5;6;5;5;2;4;5;2;1;1;1;1;1;0;0;1;0;1;0;1;1;1;1;1;3;1;2;1;36;412;732;1;7;2;2;3;5;Business Management;0;0;0;1;0;0;0;0;5;2
2;3;2;4;4;5;4;3;5;4;4;3;3;4;5;1;2;5;5;2;5;3;5;4;4;5;NONE;157;75;66;5;1;7;1;5;6;7;1;7;3;1;1;0;1;1;1;0;1;0;1;0;0;1;1;1;1;3;2;1;1;22;2560;1080;1;4;1;1;1;2;psychology;1;0;0;1;0;0;0;0;6;2
5;5;5;5;3;3;5;5;5;2;5;4;4;5;4;5;4;4;5;4;4;4;4;4;4;3;AU;11;92;179;2;6;6;2;5;6;1;6;7;4;1;1;0;1;1;0;0;0;0;1;0;0;1;1;1;1;2;1;1;1;21;1366;768;1;2;2;2;1;3;NA;0;0;0;1;0;0;0;0;6;2
4;2;4;1;5;2;5;4;5;4;5;4;4;5;2;3;5;4;5;5;4;2;5;5;4;5;US;4;88;130;3;5;7;3;7;3;6;1;6;1;1;1;1;1;1;0;0;1;0;1;0;1;1;1;1;1;3;3;2;1;38;412;732;1;2;2;1;2;2;Biology;0;0;0;1;0;0;0;0;6;2
4;4;5;4;5;2;4;4;3;5;3;2;2;3;2;5;5;4;5;3;1;1;4;4;4;2;CA;1;71;112;2;4;3;5;5;6;3;6;5;3;1;1;1;1;1;0;0;0;0;1;1;0;1;1;1;1;3;2;1;1;27;375;667;1;1;3;1;1;2;Computer science;0;0;0;1;0;0;0;0;6;2
3;5;5;3;3;2;4;1;3;2;4;5;2;4;1;1;4;1;5;3;1;1;3;3;1;2;US;6;118;291;6;2;4;7;6;4;2;5;5;2;1;1;0;1;1;0;0;1;0;1;0;0;1;1;1;1;1;2;1;1;16;360;640;1;7;1;2;1;2;NA;0;0;0;1;0;0;0;0;5;2
5;5;3;4;3;4;5;1;4;4;1;4;3;5;4;1;1;5;2;3;5;1;5;5;2;5;US;344;79;127;7;5;6;6;7;1;6;4;2;1;1;1;1;1;1;0;1;1;0;1;1;0;1;1;1;1;4;2;2;1;40;1280;800;1;2;1;1;2;2;English-journalism-liberal arts;0;0;0;1;0;0;0;0;7;2
5;5;3;5;5;5;5;4;5;3;3;5;4;3;2;3;4;4;5;5;4;3;4;5;5;5;NONE;4;68;101;4;4;7;4;4;4;5;1;4;4;1;1;1;1;1;0;1;1;0;1;1;1;1;1;1;1;4;2;2;1;34;1368;912;2;2;1;1;2;4;Science;0;0;0;1;0;0;0;0;5;2
4;5;5;4;5;5;5;5;5;5;1;4;4;3;1;5;5;5;5;4;3;1;3;5;5;4;DE;17;125;278;5;5;5;2;6;5;7;5;3;1;1;1;1;1;1;0;0;1;0;1;1;1;1;1;1;1;3;2;1;2;35;412;732;1;2;1;1;1;2;Psychology, linguistics;0;0;0;1;0;0;0;0;6;2
5;3;5;5;5;3;2;5;4;5;1;1;5;5;3;5;5;3;1;3;5;1;2;3;1;2;AU;11;77;113;2;2;5;7;6;5;6;6;1;2;1;1;0;1;1;0;0;1;0;1;1;1;1;1;1;1;3;2;2;1;19;1440;900;1;2;2;2;1;2;Gender studies;0;1;0;1;0;0;0;0;7;2
3;5;3;1;3;5;4;2;4;4;3;4;4;4;3;1;2;5;1;3;1;1;5;5;2;5;DE;177;114;145;4;3;6;1;6;5;6;1;7;2;1;1;1;1;1;0;1;1;0;1;1;0;1;1;1;1;4;2;2;2;45;1680;1050;2;2;1;2;2;1;architecture;0;0;0;1;0;0;0;0;6;2
5;1;5;5;3;2;1;3;5;5;4;1;2;3;3;3;3;5;4;3;2;1;1;5;1;2;CH;369;77;105;3;7;5;5;7;5;5;2;2;1;0;1;0;0;0;0;0;0;0;0;0;0;0;0;0;1;3;2;2;2;32;360;640;1;2;1;1;1;3;Sociology;0;0;0;1;0;0;0;0;4;2
3;1;4;3;4;3;1;1;1;4;1;3;3;3;1;1;3;1;3;1;1;1;1;1;1;4;GB;18;99;183;1;6;6;6;6;2;2;1;2;3;1;1;1;1;1;0;0;0;0;1;0;0;1;1;1;1;1;2;1;1;57;1024;768;1;1;1;2;1;5;NA;0;0;0;1;0;0;0;0;5;2
5;5;5;4;3;4;5;4;5;4;4;5;5;5;5;5;4;5;2;4;5;4;5;5;5;5;PL;6;113;184;1;5;2;6;6;7;2;7;3;1;1;1;0;1;1;1;1;0;1;1;1;0;0;1;1;1;1;2;2;2;16;360;640;2;6;5;2;1;3;NA;0;0;0;0;0;0;0;1;6;2
2;2;5;3;5;5;5;5;5;5;1;1;1;5;1;1;5;5;1;4;1;1;5;5;5;5;US;3;95;156;3;6;7;1;7;7;3;1;7;2;1;1;1;1;1;0;0;1;0;1;0;0;0;1;1;1;1;1;1;1;15;1366;768;1;7;1;2;1;5;NA;0;0;0;1;0;0;0;0;3;2
5;2;3;3;3;4;3;4;4;4;2;3;4;4;4;2;4;3;1;2;3;3;5;4;2;3;NONE;89;649;805;6;4;5;6;5;5;5;3;5;2;1;1;1;1;0;0;0;0;0;1;0;0;0;1;0;1;4;3;2;2;29;1536;864;1;4;1;1;1;2;informatic;0;0;0;1;0;0;0;0;5;2
5;5;5;5;5;5;5;5;5;5;5;5;5;5;5;5;5;5;5;5;5;3;5;5;5;5;US;5;63;82;1;3;5;3;6;7;4;6;6;3;1;1;1;1;1;0;0;1;0;1;0;1;1;1;1;1;3;1;1;1;39;1536;864;1;2;1;1;3;3;Computer Science;0;0;0;1;0;0;0;0;7;2
3;5;5;3;5;3;5;1;5;5;3;3;3;5;1;1;2;5;1;2;5;1;5;5;5;5;US;17;103;247;3;1;7;3;7;4;3;2;4;1;1;1;1;1;1;0;1;1;0;1;0;1;1;1;1;1;4;1;2;1;36;375;667;1;1;2;1;3;3;Law;0;0;0;1;0;0;0;0;6;2
5;4;3;5;5;4;5;5;5;5;1;4;5;5;4;1;5;5;1;5;3;4;5;5;4;5;CA;2;74;132;7;7;6;5;7;7;7;5;7;1;1;1;1;1;1;0;1;1;0;1;1;0;1;1;1;1;2;2;2;1;38;1280;800;1;12;5;2;3;4;Arts;0;0;0;1;0;0;0;0;7;2
3;5;4;4;5;5;4;4;5;5;4;4;3;5;5;4;4;5;1;5;4;3;5;5;5;5;US;15;81;203;3;5;6;7;6;4;5;2;5;3;1;1;1;1;1;0;1;1;0;1;1;0;1;1;1;1;3;2;2;1;36;1280;720;1;2;2;1;2;2;Business;0;0;0;1;0;0;0;0;6;2
0;0;4;4;5;5;5;5;5;0;2;5;4;5;4;4;4;4;1;4;3;1;5;5;5;5;CA;21;46;85;5;2;6;3;6;5;7;6;6;3;1;1;1;1;1;0;1;1;0;1;1;0;1;1;1;1;4;2;2;1;33;1920;1080;1;1;1;2;1;2;Psychology;0;0;0;1;0;0;0;0;6;2
4;5;2;5;5;2;5;5;4;5;5;4;2;3;5;3;3;2;5;3;5;1;4;4;5;1;GE;18;159;167;6;7;5;2;7;1;6;7;4;1;1;1;1;1;1;1;0;1;1;1;0;1;1;1;1;1;3;3;1;2;25;412;846;1;8;1;2;1;1;Medicine;0;1;0;0;0;0;0;0;5;2
4;4;4;4;4;4;4;5;4;5;2;4;5;5;2;4;5;5;3;5;4;3;4;3;4;3;US;3;87;112;2;5;6;4;5;5;2;2;5;2;1;1;1;1;1;1;0;1;0;1;0;1;1;1;1;1;2;2;2;1;18;1280;720;1;6;4;1;1;2;Neuroscience;0;0;0;1;0;0;0;0;6;2
5;5;4;4;4;5;4;4;3;5;5;3;4;4;5;5;5;0;5;4;4;2;5;4;3;5;CA;5;72;68;2;2;7;6;5;6;4;2;5;1;1;1;1;1;1;0;1;1;0;1;1;0;1;1;1;1;3;2;1;1;24;1920;1080;1;2;2;1;1;2;linguistics;0;0;0;1;0;0;0;0;7;2
4;2;4;1;5;5;5;3;4;5;1;5;5;2;1;4;5;3;1;5;1;2;5;4;2;5;ES;15;155;383;2;6;3;7;6;3;7;1;1;2;1;1;1;1;1;0;0;0;0;1;0;0;1;1;1;1;4;1;2;2;42;768;1024;1;6;1;2;2;2;NA;0;0;0;1;0;0;0;0;6;2
4;3;5;5;5;5;4;5;4;5;1;1;4;5;1;5;1;5;1;5;2;2;5;5;1;5;GB;39;96;207;2;6;3;7;6;5;3;5;2;1;1;1;1;1;1;0;1;1;0;1;1;0;1;1;1;1;3;3;2;1;30;360;640;1;8;1;2;1;2;Architecture;0;0;0;0;0;0;0;1;4;2
4;4;2;5;3;3;3;5;5;5;5;5;5;1;3;4;3;5;5;2;3;4;4;3;4;5;US;755;53;97;6;5;7;1;6;1;4;7;3;3;1;1;1;1;1;0;0;1;0;1;0;1;1;1;1;1;2;2;2;1;19;1366;768;3;1;2;1;1;1;Forensic Psychology;0;0;0;1;0;0;0;0;4;2
5;5;5;3;5;4;5;5;5;5;3;5;5;5;3;5;5;5;1;5;1;3;5;5;2;5;US;28;129;255;1;1;7;6;7;7;7;4;6;1;1;1;1;1;1;0;0;0;0;1;0;0;1;1;1;1;2;1;2;1;30;412;846;1;2;1;1;2;2;NA;0;0;0;1;0;0;0;0;6;2
5;3;5;0;0;1;5;5;0;0;0;4;1;5;1;4;3;5;1;5;4;1;1;4;0;4;CA;3;480;246;4;4;4;1;6;1;1;1;6;1;1;1;0;1;1;0;0;0;0;1;0;0;0;1;1;1;1;3;2;2;13;768;1024;1;10;1;2;1;3;NA;1;0;0;0;0;0;0;0;5;2
5;3;5;5;3;4;5;3;4;5;1;4;5;5;3;3;5;4;4;4;5;1;5;4;4;5;US;38;83;128;1;1;5;3;6;6;5;5;6;1;1;1;1;1;1;0;1;1;0;1;1;0;1;1;1;1;3;2;2;1;38;1440;900;1;2;1;2;3;2;linguistics;0;0;0;1;0;0;0;1;5;2
3;2;2;3;5;5;5;1;5;5;1;4;3;2;1;3;4;5;1;4;3;4;3;5;5;5;US;2;97;206;7;4;7;4;7;2;7;4;6;1;1;1;1;1;1;1;1;0;0;1;0;1;1;1;1;1;3;2;2;1;44;375;812;1;1;2;2;3;2;Psych and Spanish;0;0;0;1;0;0;0;0;6;2
4;3;5;3;5;4;4;5;3;5;1;4;3;4;1;5;3;4;5;3;5;3;5;5;1;3;US;5;79;121;3;3;6;3;5;6;7;2;7;2;1;1;1;1;1;0;1;0;0;1;0;0;1;1;1;1;3;2;2;1;52;1536;864;1;1;1;1;3;3;Communications;0;0;0;1;0;0;0;0;4;2
4;2;5;5;4;5;3;3;5;5;1;2;4;4;1;5;4;5;2;4;5;4;4;5;1;5;US;2;82;124;1;6;6;5;5;5;7;5;6;2;1;1;1;1;1;0;1;1;0;1;1;0;1;1;1;1;4;2;2;1;35;1440;900;1;1;1;1;2;3;psychology;0;0;0;0;1;0;0;0;7;1
4;3;5;5;3;3;4;5;3;4;5;3;5;3;3;4;4;4;4;4;5;4;5;5;4;4;US;497;98;189;3;7;5;6;3;5;2;5;2;2;1;1;1;1;1;0;0;0;0;1;1;1;1;1;1;1;3;3;2;1;39;360;720;1;1;4;1;1;2;Graphic design;0;0;0;1;0;0;0;0;5;2
5;5;4;5;5;3;5;5;0;5;5;5;5;5;1;5;5;5;5;3;5;1;3;5;3;5;HU;4;70;76;1;7;7;1;7;7;1;5;7;1;1;1;0;1;1;0;0;0;0;1;0;0;1;1;0;1;2;2;2;2;19;1920;1080;2;2;2;1;1;2;NA;0;0;0;1;0;0;0;0;5;2
5;3;5;5;2;4;4;5;2;3;5;5;5;5;5;3;5;2;5;3;5;2;5;3;5;3;US;69;357;250;5;3;4;5;7;3;5;5;4;1;1;1;0;1;1;0;0;0;0;1;0;0;0;1;1;1;3;1;2;1;22;412;732;3;12;2;1;1;2;Chinese;0;0;0;1;0;0;0;0;6;1
5;5;5;4;2;5;5;3;5;5;5;5;3;5;5;5;4;5;5;4;3;3;5;5;2;5;US;8;196;299;5;5;7;7;6;5;7;5;5;1;1;1;1;1;1;1;0;1;0;1;1;1;1;1;1;1;3;3;1;1;31;412;823;2;12;1;2;3;0;Photography;0;0;0;1;0;0;0;0;7;2
2;4;1;2;4;4;4;5;3;5;1;1;1;2;1;4;2;5;4;2;2;2;4;5;1;5;CA;114;60;91;3;6;2;1;7;7;6;5;6;2;1;1;1;1;1;1;0;1;0;1;0;0;1;1;1;1;3;3;1;1;21;1920;1080;1;6;2;1;1;2;philosophy;0;0;1;0;0;0;0;0;5;2
4;5;4;4;4;2;4;4;4;4;5;4;5;5;5;5;5;3;5;5;1;2;4;5;4;4;AU;4;116;232;3;6;5;5;6;5;2;3;3;2;1;1;0;1;1;0;0;0;0;1;0;0;0;1;1;1;3;3;1;1;23;360;640;1;2;1;2;1;3;Game Development;0;0;0;1;0;0;0;0;6;2
3;4;4;3;4;3;4;3;4;4;1;3;5;4;2;3;5;3;1;3;2;2;4;4;4;4;LU;2240;91;220;5;2;6;6;7;4;5;3;4;3;1;1;0;1;1;0;1;1;0;1;1;0;1;1;1;1;4;2;2;2;47;1280;720;1;1;1;2;2;0;languages;0;0;0;1;0;0;0;0;4;2
2;4;4;1;1;2;4;1;2;2;5;4;1;5;5;5;2;1;2;3;1;2;1;1;5;1;AU;4;64;481;6;1;5;7;7;5;7;2;2;1;1;1;0;1;1;0;0;0;0;1;0;0;1;1;1;1;3;2;2;1;15;414;736;1;4;2;2;1;1;english;0;0;0;1;0;0;0;0;2;2
4;5;4;1;2;4;5;2;1;5;2;5;4;5;3;4;4;4;5;5;1;1;1;3;5;4;AU;1930;129;175;2;6;7;1;3;5;1;1;3;2;1;1;0;1;1;0;0;1;0;1;0;0;1;1;1;1;2;1;1;1;35;1920;1080;1;2;1;1;1;2;NA;0;0;0;1;0;0;0;0;5;2
3;3;3;0;1;1;1;5;1;1;1;1;1;1;3;1;1;1;1;1;5;1;5;1;1;1;GB;5;73;105;7;7;4;5;5;7;3;5;1;1;1;1;1;1;1;1;1;0;1;1;1;1;1;1;1;1;1;3;1;1;15;1475;830;1;1;1;2;1;2;Drama;0;0;0;1;0;0;0;0;3;1
3;5;3;3;5;4;5;4;5;5;5;5;4;5;2;2;3;3;5;5;4;2;3;5;5;5;BR;19;149;110;4;6;3;1;7;4;6;5;7;1;1;1;1;1;1;0;0;1;0;1;1;0;1;1;1;1;4;3;1;1;30;360;640;1;2;1;1;1;2;Industrial Engineering;0;0;0;1;0;0;0;0;5;2
5;3;5;5;1;3;5;5;3;4;1;5;5;3;5;5;3;3;1;5;1;5;5;5;1;4;RS;3;83;180;7;3;1;0;5;3;3;3;4;2;1;0;0;1;1;0;0;0;0;1;0;0;0;1;1;1;1;3;2;2;15;1366;768;1;7;2;2;1;1;english;0;0;0;0;0;0;0;1;6;2
4;5;4;4;5;5;4;5;5;5;2;5;5;5;4;3;4;5;2;4;5;3;4;5;4;5;US;506;80;145;1;4;7;4;6;6;5;1;7;2;1;1;1;1;1;0;1;1;0;1;1;1;1;1;1;1;4;2;2;1;37;1680;1050;1;6;1;2;1;3;chemistry;0;0;0;1;0;0;0;0;5;2
5;5;5;5;4;3;5;2;3;4;5;2;2;3;1;5;5;5;5;2;3;1;2;5;4;4;US;13;128;128;5;3;2;2;7;6;7;6;5;1;1;1;0;1;1;0;0;0;0;1;0;0;1;1;1;1;1;2;1;2;15;393;786;1;1;1;2;1;1;NA;0;1;0;0;0;0;0;0;6;2
5;4;5;5;4;4;5;3;4;5;4;2;4;5;1;3;3;5;5;5;4;1;5;3;4;4;CA;2;103;91;3;2;4;1;6;3;5;6;7;2;1;1;1;1;1;0;1;0;0;1;0;0;1;1;1;1;4;2;3;1;22;1280;720;1;2;5;2;1;2;biomedical engineering;0;1;0;0;0;0;0;0;6;2
5;4;5;4;4;4;3;4;4;4;3;1;1;3;2;3;3;5;5;2;1;2;2;4;3;5;US;5;119;179;4;6;4;3;7;4;2;4;4;3;1;1;1;1;1;0;0;0;0;1;0;0;1;1;1;1;1;2;2;1;15;375;667;1;1;2;2;1;3;NA;0;0;0;1;0;0;0;0;5;2
4;4;4;4;4;4;4;4;4;4;4;4;4;3;3;4;4;4;2;3;4;4;4;4;3;4;US;19;72;139;1;3;2;7;7;7;5;5;2;2;1;1;1;1;1;0;1;0;0;1;1;0;1;1;1;1;3;2;3;1;19;1280;720;1;1;2;2;1;1;Biochemistry;0;0;1;1;1;0;0;0;6;2
5;5;3;5;3;4;3;2;3;3;3;5;2;3;1;3;3;5;5;3;2;4;4;4;4;4;KR;8;93;182;5;6;5;2;7;1;6;5;5;5;1;1;1;1;1;0;1;1;0;1;1;0;1;1;1;1;2;3;2;1;20;1366;768;1;6;1;2;1;2;psychology;0;1;0;0;0;0;0;1;5;2
4;5;4;3;5;4;5;3;4;5;4;5;2;3;4;2;4;4;5;3;1;2;5;4;5;5;US;64;220;452;5;1;3;5;7;5;7;3;7;1;1;1;0;1;1;0;0;1;0;1;0;0;1;1;1;1;3;2;2;1;43;1639;922;1;3;1;1;3;2;Art;0;0;0;1;0;0;0;0;6;2
4;5;4;4;5;5;5;3;0;5;1;5;5;4;1;3;4;3;1;5;3;3;5;5;5;5;US;408;382;198;2;3;0;4;7;4;4;2;4;1;1;1;1;1;1;0;1;0;0;1;1;0;1;1;1;1;0;1;2;1;80;1440;900;1;3;1;1;3;3;NA;0;0;0;1;0;0;0;0;7;2
4;5;4;4;5;4;4;5;5;4;5;4;4;4;2;5;4;5;5;3;1;1;5;4;2;5;US;3;73;117;5;6;7;1;5;7;6;4;7;3;1;1;0;1;1;0;0;0;0;1;0;0;1;1;1;1;2;2;1;1;18;1920;1080;1;1;1;2;1;2;Psychology;0;0;0;1;0;0;0;0;7;2
5;4;4;2;2;2;5;5;2;3;5;3;1;1;3;1;2;2;5;3;3;2;5;2;2;2;GB;2;125;182;2;4;4;3;7;3;7;4;1;3;1;1;0;1;1;0;0;0;0;1;0;0;1;1;1;1;2;1;1;2;17;1920;1080;1;12;1;2;1;3;engineering;0;0;0;0;0;0;0;1;4;2
5;5;4;4;2;1;4;4;1;3;3;5;1;5;5;5;4;5;5;3;1;1;1;3;1;3;GB;2;103;109;2;5;4;4;7;7;7;6;5;2;1;1;0;1;1;0;0;0;0;1;0;0;1;1;1;1;2;1;1;2;18;1920;1080;1;12;2;2;1;2;NA;0;1;0;1;0;0;0;0;6;1
5;5;4;5;4;5;4;5;4;5;5;4;5;4;5;5;5;4;5;5;5;2;5;5;5;5;GB;1;107;112;3;5;6;6;7;7;7;5;2;7;1;1;1;1;1;0;0;1;0;1;1;1;1;1;1;1;3;2;1;1;27;1536;864;1;12;5;2;1;3;Journalism;0;0;0;1;0;0;0;0;7;2
4;4;4;3;3;3;5;5;4;5;5;5;5;5;3;5;5;5;5;3;2;1;1;5;4;5;US;35;167;233;2;1;5;6;6;7;6;6;6;2;1;1;0;1;1;0;0;0;0;1;0;0;1;1;1;1;3;2;1;1;22;375;667;1;4;1;1;1;4;Computer Science;0;0;0;1;0;0;0;0;7;2
4;4;5;4;5;5;5;4;5;3;1;5;3;5;3;3;4;5;4;3;5;2;5;5;1;5;US;3;101;197;7;6;3;5;7;1;7;7;4;1;1;1;1;1;1;0;1;1;0;1;1;0;1;1;1;1;3;3;2;1;42;1280;800;1;9;1;1;2;2;Art History;0;0;0;1;0;0;0;0;7;2
5;5;5;4;5;5;5;5;5;5;4;4;5;5;4;5;5;4;4;5;5;5;5;5;4;4;SE;3;128;586;1;7;6;3;7;6;4;6;5;2;1;1;0;1;1;0;0;0;0;1;0;1;1;1;1;1;2;2;3;2;16;1920;1080;1;2;5;2;1;1;NA;0;0;0;1;1;0;0;0;7;2
4;3;4;2;4;2;4;2;3;2;1;3;2;3;3;4;4;3;4;3;1;1;2;4;4;4;IT;2;115;250;3;4;6;3;5;6;5;2;6;3;1;1;1;1;1;0;0;0;0;1;0;0;0;1;1;1;2;1;1;2;21;1920;1080;1;2;1;1;1;2;chemistry;0;0;0;1;0;0;0;0;5;2
4;4;4;4;4;4;3;4;4;4;4;2;4;4;4;5;4;5;4;4;2;2;4;4;2;4;US;887;97;103;1;5;6;2;2;3;4;3;6;7;1;1;1;1;1;0;0;1;0;1;0;0;1;1;1;1;3;2;2;1;35;1536;864;1;6;1;1;2;2;Mathematics;0;0;0;1;0;0;0;0;4;2
5;5;5;4;2;5;5;5;4;5;5;4;5;5;5;5;4;5;5;5;5;3;4;5;5;5;BR;1243;151;112;1;6;6;6;7;7;6;2;2;2;1;1;1;1;1;0;0;0;0;1;0;0;1;1;0;1;2;3;1;2;19;1536;864;1;3;1;1;1;2;engineering;0;0;0;1;0;0;0;0;7;1
4;4;5;4;5;2;4;3;3;5;1;4;5;3;4;3;5;3;3;3;1;1;5;5;4;5;US;6;85;99;1;5;3;5;4;7;2;6;3;3;1;1;0;1;1;0;0;1;0;1;0;0;1;1;1;1;2;1;1;1;38;1024;768;3;12;1;2;3;3;mech engineering;0;0;0;1;0;0;0;0;4;2
5;5;5;5;5;5;5;5;5;5;5;5;5;5;5;5;5;5;5;5;5;0;5;5;5;5;US;2;45;139;1;5;7;2;6;7;1;7;7;1;1;1;1;1;1;0;1;1;1;1;0;1;1;1;1;1;1;3;2;1;15;1097;617;2;7;4;2;1;1;NA;0;0;1;0;0;0;0;0;7;2
5;5;4;4;3;1;5;3;3;4;1;4;5;5;1;3;3;1;4;4;3;3;1;5;4;4;NONE;15;84;139;3;5;1;1;7;4;5;5;7;3;1;1;1;1;1;0;1;1;0;1;1;0;1;1;1;1;2;1;1;1;23;2560;1440;2;1;1;2;1;3;NA;0;0;0;1;0;0;0;0;5;2
2;5;4;4;5;4;5;3;5;3;4;5;3;4;1;2;3;5;3;2;3;1;3;5;2;4;DE;929;146;220;4;2;2;7;7;5;6;6;7;2;1;1;1;1;1;0;0;1;0;1;0;0;1;1;1;1;3;1;1;2;27;1280;800;1;2;1;1;2;2;physics;0;0;0;1;0;0;0;0;6;2
5;4;5;5;5;4;5;4;4;5;5;5;3;5;3;4;4;5;5;4;5;5;3;5;4;5;NZ;3;182;180;6;7;7;6;7;6;7;6;5;1;1;1;0;1;1;0;0;1;0;1;0;0;1;0;1;1;2;3;1;1;18;1680;1050;2;1;2;2;1;2;Psychology;0;0;0;1;0;0;0;0;7;1
4;4;2;3;1;3;5;3;2;4;1;3;3;1;2;2;2;5;1;3;1;1;4;2;3;3;NONE;7;158;302;5;6;6;2;6;2;6;1;4;2;1;1;1;1;1;0;0;0;0;1;0;0;1;1;1;1;0;1;2;1;50;360;640;1;12;1;1;2;3;Physics;0;0;0;0;0;0;0;0;6;2
5;5;5;5;3;4;5;5;5;3;5;5;5;3;4;5;5;5;5;5;1;4;3;5;5;5;NZ;2;314;292;1;7;1;6;1;5;1;7;1;7;1;1;0;1;1;0;0;0;1;1;0;1;0;1;1;1;1;3;2;1;15;320;568;3;2;2;2;1;2;NA;0;1;0;0;1;0;0;1;7;1
5;5;4;5;4;4;5;2;4;4;1;4;1;4;1;4;2;5;1;3;1;4;2;4;3;4;CZ;798;79;215;6;1;3;5;7;5;7;6;6;1;1;1;1;1;1;0;1;1;0;1;0;0;1;1;1;1;4;0;2;2;29;375;667;2;1;4;1;1;2;Biochem psych public health medical science;0;1;0;1;0;0;0;1;7;2
5;4;2;3;4;3;5;5;3;4;1;3;4;3;5;3;3;4;1;3;1;1;4;4;1;4;TR;14;89;177;3;6;7;6;6;2;5;4;5;3;1;1;0;1;1;0;0;1;0;1;0;0;1;1;1;1;3;2;2;2;19;414;736;1;1;1;1;1;1;Psychology;0;0;0;1;0;0;0;0;5;2
4;4;4;5;4;3;3;3;3;4;4;2;3;2;2;4;3;3;5;2;3;2;4;3;2;4;JP;98;51;93;5;2;4;4;5;4;5;5;4;4;1;1;0;1;1;0;0;0;0;1;0;1;1;1;1;1;3;2;3;1;22;1536;864;1;1;2;2;1;1;japanese;0;0;0;1;0;0;0;0;4;2
4;5;5;4;4;5;5;2;5;5;4;4;3;4;1;4;5;4;4;3;1;2;3;5;5;4;DE;32;103;172;5;2;5;2;7;4;6;5;5;3;1;1;1;1;1;0;0;1;0;1;0;0;1;1;1;1;3;1;1;2;38;1366;768;1;6;1;2;1;2;chemical engineering;0;0;0;1;0;0;0;0;6;2
2;4;4;4;2;2;4;1;1;2;5;2;1;5;3;1;1;4;4;2;4;1;3;4;4;4;US;6;89;89;6;6;5;3;5;2;3;3;5;1;1;1;0;1;1;0;1;0;0;1;1;0;1;1;1;1;3;3;1;1;46;1920;1200;1;2;1;1;3;2;Accounting;0;0;0;1;0;0;0;0;4;2
4;3;5;5;3;5;3;4;4;5;2;3;5;3;2;3;4;3;2;3;5;3;5;5;2;4;US;33;144;260;2;2;4;6;6;7;7;7;4;3;1;1;0;1;1;0;1;0;0;1;0;0;1;1;1;1;3;2;2;2;22;360;640;1;4;1;1;1;2;psychology;0;1;0;0;0;0;0;0;6;2
4;5;3;3;5;2;5;4;3;2;4;5;1;4;4;3;5;2;5;3;1;1;1;4;4;5;US;10;497;604;4;6;3;2;6;4;4;6;4;4;1;1;0;1;1;0;0;0;0;1;0;0;0;1;1;1;3;2;1;2;26;1024;600;1;4;1;1;1;2;Psychology;0;1;0;0;0;0;0;0;7;2
5;1;5;5;5;5;5;5;5;5;3;5;5;5;1;1;5;3;5;5;5;5;5;5;3;5;RS;25;181;204;2;7;3;1;6;3;1;3;2;1;1;1;0;1;1;0;0;0;0;1;0;0;0;1;1;1;1;2;2;2;18;601;962;1;2;4;2;1;1;NA;0;0;0;1;0;0;0;0;7;2
2;4;4;2;1;4;4;3;2;2;2;1;1;4;5;4;2;1;5;2;1;2;1;1;4;3;CA;1;111;182;5;6;5;5;7;6;3;5;7;5;1;1;0;1;1;0;0;0;0;1;0;0;1;1;1;1;2;2;2;1;17;375;667;1;1;1;2;1;2;NA;0;1;0;0;0;0;0;0;3;2
5;1;5;5;5;5;5;5;5;5;5;2;3;4;1;5;5;5;5;3;2;3;4;4;2;5;CA;395;82;93;1;5;5;5;7;7;3;5;3;5;1;1;1;1;1;0;0;1;0;1;0;0;1;1;1;1;3;3;2;1;38;1920;1080;1;1;1;2;2;1;Biology and Environment;0;0;0;1;0;0;0;0;7;1
4;1;5;3;1;3;4;4;3;5;1;4;4;3;1;1;4;0;1;5;1;1;2;1;1;2;US;78;69164;359;2;1;7;1;5;7;6;1;7;5;1;1;0;1;1;0;0;0;0;1;0;0;0;1;1;1;3;1;2;1;55;360;640;1;6;1;2;2;4;NA;0;0;0;1;0;0;0;0;5;2
4;4;5;5;4;5;4;4;5;5;1;4;4;5;2;5;5;5;2;5;3;1;2;5;1;5;CA;34;107;170;1;6;3;5;7;7;6;5;5;6;1;1;1;1;1;0;0;1;0;1;0;0;1;1;1;1;4;2;2;1;37;412;732;1;1;1;2;1;1;International Development;0;0;0;1;0;0;0;0;5;2
5;5;5;5;5;3;4;2;4;5;5;3;5;4;5;3;5;3;5;3;2;2;5;5;3;5;US;42;161;196;6;5;5;5;6;3;6;5;4;1;0;1;0;1;1;0;0;0;0;1;0;1;1;1;1;1;2;3;1;1;27;360;640;1;1;1;1;1;5;Art;0;0;1;0;1;0;0;0;7;2
4;2;5;5;2;2;4;5;2;5;4;1;4;1;4;5;5;4;5;2;4;4;4;4;1;4;US;25;121;287;2;7;2;7;5;4;3;4;2;3;1;1;1;1;1;0;0;0;0;1;0;1;1;1;1;1;2;2;1;1;24;1366;768;1;2;3;2;1;1;NA;0;0;0;1;0;0;0;0;6;2
5;5;5;5;4;4;5;5;4;5;5;5;1;5;1;4;5;5;5;2;1;1;3;5;4;4;CA;32;179;316;3;5;6;2;7;7;7;5;7;3;1;1;1;1;1;0;0;0;0;1;0;1;1;1;1;1;3;3;1;1;49;601;962;1;2;1;1;2;3;Mech eng;0;0;0;1;0;0;0;0;7;2
4;5;4;2;3;4;5;4;5;3;5;5;3;4;4;3;2;4;5;5;1;2;5;4;4;5;CA;3;106;161;7;5;3;1;6;3;3;7;7;4;1;1;1;1;1;0;0;1;0;1;1;0;1;1;1;1;2;3;1;1;38;768;1024;1;1;1;2;2;2;NA;0;0;0;1;0;0;0;0;6;2
2;4;4;4;5;5;5;1;5;5;0;5;5;2;1;3;4;3;1;4;1;1;5;5;5;5;NZ;4;84;146;3;5;7;5;6;7;3;1;5;2;1;1;1;1;1;0;1;1;0;1;1;0;1;1;1;1;4;1;2;1;53;1536;864;1;2;1;1;1;2;zoology;0;0;0;1;0;0;0;1;6;2
4;5;4;5;5;4;2;4;4;4;3;4;4;4;2;4;4;4;5;3;4;2;4;4;2;4;CA;9;74;119;2;5;5;4;5;6;6;5;6;4;1;1;0;1;1;0;0;0;0;1;0;0;1;1;1;1;2;2;1;1;22;1440;900;1;1;1;2;1;2;NA;0;0;0;1;0;0;0;0;5;1
5;4;5;5;4;2;4;5;4;5;4;4;5;3;5;5;5;5;3;5;4;2;5;5;5;3;PH;8;91;170;1;4;4;3;5;7;4;7;3;4;1;1;1;1;1;1;0;0;0;1;0;1;1;1;1;1;2;3;2;2;15;1024;768;1;7;5;2;1;1;NA;0;1;0;0;1;0;0;1;4;1
5;5;5;4;5;3;5;5;5;5;4;5;5;5;5;5;5;5;4;0;5;5;5;5;5;5;IN;3;88;160;6;5;6;5;6;7;7;5;6;2;1;1;1;1;1;1;1;1;0;1;1;1;1;1;1;1;3;3;2;2;22;1280;800;3;8;4;2;1;1;Physics;0;1;0;0;0;0;0;0;6;2
3;4;4;2;2;4;3;2;3;4;4;3;4;4;1;5;4;4;5;4;2;2;4;4;2;3;US;13;90;131;1;5;5;6;3;7;3;6;5;3;1;1;1;1;1;0;1;0;0;1;1;0;1;1;1;1;1;2;1;1;17;360;740;1;2;2;2;1;4;NA;0;0;0;1;0;0;0;0;5;2
1;3;4;3;4;3;5;1;2;4;2;4;3;4;1;1;4;3;2;4;4;1;2;4;2;4;CL;15;157;242;4;5;6;2;6;5;7;2;6;2;1;1;1;1;1;0;0;1;0;1;0;0;1;1;1;1;3;2;2;2;33;375;667;1;7;1;1;1;3;Business;0;0;0;1;1;0;0;0;5;2
3;5;1;2;4;1;5;1;2;3;5;5;1;2;4;1;2;1;5;4;1;3;1;5;2;3;US;10;215;176;6;5;4;1;6;2;5;3;6;1;1;1;0;1;1;0;0;1;0;1;0;0;0;1;1;1;2;3;2;1;24;360;640;1;1;2;2;1;3;NA;0;0;0;1;0;0;0;0;5;2
5;5;4;5;2;3;5;4;4;5;5;4;1;5;3;2;3;2;2;3;4;1;3;4;3;4;CA;5;168;243;3;1;5;5;6;1;7;3;5;1;1;1;1;1;1;0;0;1;0;1;1;0;1;1;1;1;3;3;2;1;38;360;640;1;6;1;2;2;1;Theatre/ Optician;0;0;0;1;0;0;0;0;5;2
2;1;4;2;4;3;4;3;4;4;3;4;4;3;0;2;4;4;2;5;2;3;5;5;4;5;US;17;113;224;2;5;6;5;6;5;7;5;5;3;1;1;1;1;1;0;1;1;0;1;0;0;1;1;1;1;4;1;2;1;63;1280;720;1;12;1;2;2;8;Technology Education;0;0;0;1;0;0;0;0;7;2
4;3;5;4;5;4;4;4;3;5;4;5;4;2;4;5;3;1;3;2;4;1;3;4;3;5;CZ;1633;104;126;5;7;6;5;6;5;6;6;4;1;1;1;0;1;1;0;0;0;0;0;0;0;0;1;1;1;1;3;2;2;17;1366;768;1;2;2;2;1;2;NA;0;0;0;1;0;0;0;0;6;2
4;5;4;2;2;3;5;1;4;4;3;1;4;4;1;2;4;5;5;5;1;1;4;4;3;3;US;2;85;102;2;6;5;1;7;7;6;4;7;2;1;1;1;1;1;0;1;1;0;1;0;1;1;1;1;1;4;2;1;1;30;1440;900;1;2;1;1;2;3;physics;0;0;0;1;0;0;0;0;4;2
4;5;5;5;5;5;5;3;3;5;5;3;5;2;3;5;5;4;5;2;5;2;5;5;2;4;US;170;136;204;3;2;5;6;6;7;7;4;3;1;1;1;1;1;1;1;0;1;0;1;1;1;1;1;1;1;3;2;2;1;27;414;736;3;12;2;1;2;1;Computer Science;0;0;0;1;0;0;0;0;7;2
2;5;4;5;5;4;5;1;5;5;1;5;3;3;1;1;4;5;3;4;1;1;5;4;5;5;SK;2;91;170;2;1;7;4;6;7;7;2;6;1;1;1;0;1;1;0;0;1;0;1;0;0;1;1;1;1;4;3;1;2;40;1024;640;1;1;1;2;1;2;computer science;0;0;0;1;0;0;0;0;4;2
4;5;3;4;4;2;5;3;5;4;2;5;2;4;1;1;3;3;2;2;2;1;5;5;3;5;US;14;89;110;3;5;6;2;7;6;6;2;3;1;1;1;1;1;1;1;0;1;0;1;0;0;1;1;1;1;2;2;1;1;20;1280;720;1;4;1;2;1;5;physics;0;0;0;1;0;0;0;0;7;2
3;4;5;3;5;5;5;5;5;5;1;5;5;3;4;5;3;5;1;5;1;4;4;4;5;5;CA;7;86;193;1;6;5;5;6;3;5;2;2;6;1;1;0;1;1;0;0;1;0;1;0;0;1;1;1;1;3;2;2;1;35;375;667;2;2;1;2;2;2;Psychology / environmental studies;0;0;0;1;0;0;0;0;6;2
3;0;2;4;4;2;4;4;3;0;5;1;0;2;1;3;5;4;5;2;4;3;4;4;3;5;BR;413;109;96;2;4;6;5;6;7;6;6;6;1;1;1;1;1;1;0;0;0;0;1;0;0;1;1;1;1;2;3;1;2;19;1366;768;1;3;1;2;1;3;NA;0;0;0;0;0;0;0;1;5;2
5;5;5;4;3;1;3;5;4;5;5;4;4;2;1;3;5;4;5;1;1;1;1;4;2;1;US;5;175;175;1;5;1;7;6;7;5;7;1;2;1;1;0;1;1;0;0;0;0;1;0;0;1;1;1;1;2;3;2;1;20;1536;864;1;1;2;1;1;1;Psychology;0;0;0;1;0;0;0;0;7;2
4;4;3;5;4;1;1;2;4;5;2;1;2;4;2;2;4;4;0;4;3;3;4;5;1;4;CA;3;184;93;5;6;6;5;7;5;5;5;7;1;1;1;0;1;1;0;0;0;0;1;0;0;0;1;1;1;2;1;2;1;18;1440;900;3;12;2;2;1;3;graphic design;0;0;0;0;0;1;0;0;6;2
5;4;5;5;5;5;5;3;5;5;2;5;5;5;3;5;5;5;2;5;2;5;4;5;2;5;PH;148;95;146;1;1;5;7;4;2;5;6;1;3;1;1;1;1;1;0;0;0;0;1;0;0;0;1;1;1;3;3;2;2;26;1366;768;1;1;1;1;1;2;Accounting;0;1;0;0;0;0;0;0;6;2
4;4;4;5;4;3;3;3;3;5;1;2;2;1;3;1;3;4;1;2;1;1;3;4;1;3;AU;502;156;159;6;2;5;3;6;4;5;5;6;2;1;1;1;1;1;0;0;0;0;1;1;0;1;1;1;1;2;1;2;1;19;1440;900;1;2;3;2;1;1;NA;0;0;0;1;0;0;0;0;6;2
4;4;4;4;3;3;4;4;4;5;3;2;5;5;1;2;4;2;4;3;1;3;4;4;4;5;GB;18;135;173;1;1;3;4;6;7;6;5;4;2;1;1;1;1;1;0;1;1;0;1;1;0;1;1;1;1;3;2;1;1;32;360;640;1;1;2;1;1;4;Fine Art;0;0;0;1;0;0;0;0;6;2
4;5;5;3;4;3;5;5;5;3;4;5;5;4;3;3;4;4;5;5;4;5;4;4;5;5;MY;2;63;169;1;4;4;5;7;7;2;3;5;2;1;1;1;1;1;0;0;0;0;1;0;0;0;1;1;1;1;3;3;1;17;360;640;1;1;4;2;1;2;NA;0;1;0;0;0;0;0;0;5;2
3;4;4;4;4;4;5;3;4;5;1;5;2;3;2;4;3;4;5;2;2;2;3;4;4;1;DE;10;90;118;2;3;3;5;6;7;5;7;5;2;1;1;0;1;1;0;0;0;0;1;1;0;0;1;1;1;2;2;1;2;24;1400;1050;1;1;1;1;1;2;NA;0;0;0;1;0;0;0;0;5;2
5;5;5;5;3;1;5;5;4;5;3;5;5;4;4;5;5;5;5;5;1;1;5;5;5;1;BD;301;210;121;1;1;5;7;6;7;2;3;2;4;1;1;0;1;1;0;0;0;0;1;0;0;1;1;1;1;3;2;2;2;24;1366;768;1;2;1;2;1;2;Accounting & Finance;0;1;0;0;0;0;0;0;4;2
4;5;1;3;5;4;5;5;5;5;4;4;2;5;4;2;5;5;2;1;5;2;5;5;2;5;IN;9;151;260;5;7;6;5;7;4;7;7;5;1;1;1;1;1;1;0;1;0;0;1;0;0;1;1;1;1;2;3;1;2;18;1366;768;1;11;1;2;1;2;NA;0;1;0;0;0;0;0;0;2;2
4;5;5;4;5;4;5;5;5;4;3;4;5;3;5;4;4;5;5;5;4;5;5;4;3;5;IT;3;91;131;2;6;6;6;6;7;5;4;7;2;1;1;1;1;1;0;1;1;0;1;0;0;0;1;1;1;1;2;2;2;16;360;640;1;2;2;2;1;2;sociology;0;0;0;1;0;0;0;0;7;2
5;3;5;5;5;5;4;1;5;5;1;4;3;3;2;2;5;5;3;3;5;3;5;5;3;5;US;61;201;212;3;6;5;7;7;7;7;6;6;2;1;1;1;1;1;1;0;0;0;1;0;1;1;1;1;1;3;3;2;1;21;360;720;1;2;2;2;1;2;Art Administration;0;0;0;1;0;0;0;0;5;2
1;5;2;1;2;3;5;4;5;1;2;5;3;3;4;1;1;3;5;3;2;1;5;3;2;4;CA;392;65;114;6;2;7;1;7;3;6;1;7;2;1;1;1;1;1;0;1;1;0;1;1;0;1;1;1;1;4;2;1;1;47;1920;1080;1;2;1;2;2;3;History;0;0;0;1;0;0;0;0;1;2
5;5;5;5;3;3;5;5;3;3;3;5;5;5;5;5;5;1;5;5;2;5;3;5;5;5;AE;16;194;537;4;4;7;7;7;6;2;3;2;5;0;1;0;1;0;0;0;0;1;1;0;0;0;0;0;1;2;3;2;2;17;360;640;1;10;4;2;1;4;NA;0;1;0;0;0;0;0;0;7;2
4;4;5;4;4;3;4;4;4;5;2;5;4;2;2;4;4;4;4;5;1;1;5;4;2;5;PH;34;83;145;3;6;3;7;5;6;3;6;2;3;1;1;0;1;1;0;0;1;0;1;0;0;1;1;1;1;2;3;2;2;17;1440;900;1;4;1;2;1;4;psychology, marketing management;0;1;0;0;0;0;0;0;6;2
4;4;3;2;3;4;5;5;2;4;1;5;4;4;1;3;4;2;2;4;1;1;1;3;1;2;US;18;114;147;5;1;6;2;6;3;6;5;3;2;1;1;1;1;1;0;0;1;0;1;0;0;1;1;1;1;3;2;2;1;30;375;667;1;12;1;2;1;2;Nursing;0;0;0;1;0;0;0;0;6;2
5;5;5;5;5;3;5;1;5;5;5;5;5;5;4;1;5;5;5;5;3;1;5;5;5;5;EE;53;482;170;2;7;7;2;7;2;2;5;7;1;1;1;1;1;1;1;0;1;0;1;0;1;1;1;1;1;3;3;0;2;28;1080;1920;3;2;1;1;1;3;Computer Science;0;0;0;1;0;0;0;0;6;2
4;4;4;1;3;2;4;5;4;3;1;4;3;2;2;2;2;5;2;3;4;4;5;3;4;4;PH;284;111;171;6;6;7;5;7;5;5;5;6;2;1;1;0;1;1;0;0;0;0;1;0;0;0;1;1;1;0;1;2;2;17;640;360;1;4;1;2;1;2;NA;0;1;0;0;0;0;0;0;6;2
5;4;4;5;3;3;5;5;5;3;5;3;5;3;4;4;5;3;5;3;5;4;5;4;3;4;US;2;85;135;3;5;4;6;5;6;7;7;3;1;1;1;0;1;1;0;0;0;0;1;0;0;0;1;1;1;2;3;2;1;23;1600;900;3;1;2;2;1;3;gaming;0;0;0;0;0;1;0;0;6;2
5;3;2;5;5;2;4;2;5;3;4;4;4;5;4;3;4;5;4;3;2;3;5;4;1;5;US;4;110;273;6;1;6;4;7;3;7;3;6;1;1;1;1;1;1;0;1;1;0;1;1;0;1;1;1;1;3;2;2;1;42;320;568;1;12;2;1;3;1;Fashion;0;0;0;1;0;0;0;0;6;2
1;5;5;1;1;1;3;5;1;5;1;5;5;5;5;5;3;5;1;5;5;1;5;5;1;5;US;5;560;155;2;7;3;7;7;3;7;3;3;1;1;1;0;1;1;0;0;0;0;1;0;0;0;1;1;1;2;3;2;1;24;1600;900;1;7;2;2;1;3;Psychology;0;0;0;1;0;0;0;0;5;2
1;1;5;2;4;5;4;5;5;4;3;5;5;4;1;4;4;5;3;5;5;5;5;4;1;5;US;3;60;115;1;4;6;7;6;7;5;1;1;1;1;1;1;1;1;1;1;1;0;0;0;0;1;1;1;1;2;1;2;1;18;375;667;1;2;1;1;1;4;Writing;0;0;0;1;0;0;0;0;3;2
1;2;1;1;1;3;1;4;1;5;1;1;3;4;1;1;1;5;1;3;5;1;4;2;1;1;CA;5;126;132;6;5;7;5;6;3;6;1;6;1;1;1;1;1;1;1;0;1;0;1;0;0;1;1;1;1;3;1;2;1;52;1680;1050;2;7;1;1;2;4;nursing;0;0;0;1;0;0;0;0;1;2
5;5;4;5;3;1;4;5;1;5;5;4;1;3;5;1;3;5;5;2;3;2;2;4;2;1;US;36;126;155;5;1;5;4;6;2;7;7;4;2;1;0;0;1;1;0;1;0;0;1;0;0;0;0;1;1;1;2;1;1;14;1366;768;1;1;1;2;1;4;NA;0;0;0;1;0;0;0;0;4;2
4;5;5;4;5;4;5;3;4;5;5;5;4;5;5;5;5;5;5;4;1;1;1;5;4;2;US;8;76;144;1;7;6;3;5;7;1;3;6;6;1;0;0;1;1;0;0;0;0;1;0;0;0;0;1;1;1;2;1;1;13;375;667;1;1;1;2;1;3;NA;0;0;0;1;0;0;0;0;7;2
4;4;5;4;4;4;4;4;4;4;4;4;3;5;4;4;4;4;4;4;4;2;4;4;2;5;US;74;77;110;2;4;1;2;6;5;2;6;5;4;1;1;0;1;1;0;0;0;0;1;0;0;1;1;1;1;2;2;2;1;18;1440;900;1;1;2;2;1;2;NA;0;1;0;0;0;0;0;0;7;2
5;5;4;5;4;2;5;1;3;2;2;5;1;2;3;1;3;4;3;2;1;1;1;3;4;4;FR;2;150;121;7;5;3;4;7;1;6;6;3;1;1;1;1;1;1;1;0;1;1;1;0;1;1;1;1;1;2;3;2;2;16;1366;768;1;2;2;2;1;3;NA;0;0;0;1;0;0;0;0;5;2
4;4;5;5;5;4;5;5;5;4;4;5;4;5;4;5;5;5;2;4;4;5;5;5;3;5;CA;2;68;121;4;6;6;6;7;5;4;4;4;6;0;0;0;0;0;0;0;0;0;1;1;0;1;0;0;0;2;3;3;2;123;1920;1080;1;2;4;2;1;3;NA;0;1;0;0;0;0;0;0;5;2
4;5;5;2;4;5;5;5;4;4;3;3;4;5;5;5;5;5;5;5;2;1;3;4;5;4;US;1;129;140;2;1;6;2;4;6;5;3;6;5;1;1;0;1;1;1;0;0;0;1;0;1;1;0;1;1;1;2;1;1;17;1920;1080;1;7;1;2;1;2;NA;0;0;0;1;0;0;0;0;5;2
5;5;4;5;3;4;5;5;4;4;5;5;3;5;4;5;5;2;5;5;1;3;3;2;3;5;PH;581;79;61;0;0;0;0;0;0;0;0;0;0;1;0;0;1;1;0;1;0;0;1;0;1;1;1;0;1;2;3;1;2;16;1440;900;1;4;1;2;1;2;Computer Engineering;0;1;0;0;0;0;0;0;0;2
5;5;5;4;2;4;3;5;3;5;5;4;5;4;5;5;5;4;5;1;5;1;4;5;2;3;US;9;63;90;2;5;4;6;7;6;7;3;4;1;1;1;0;1;1;0;0;0;0;1;0;0;1;1;1;1;1;1;3;1;17;412;732;1;12;5;2;1;1;NA;0;0;0;1;0;1;0;0;7;2
5;1;4;5;4;2;2;4;3;3;3;1;1;3;4;2;5;4;3;2;3;2;2;4;2;4;SG;20;128;210;7;4;3;7;7;1;5;7;4;1;0;0;0;0;1;0;0;0;0;0;0;0;0;0;0;1;3;1;2;1;26;360;640;2;8;0;1;1;0;Psychology;0;1;0;0;0;0;0;0;1;2
2;5;2;5;4;4;5;2;5;4;2;5;2;2;1;2;2;5;2;4;2;2;2;4;4;5;US;14;86;178;6;1;7;1;7;2;6;1;6;2;1;1;1;1;1;0;1;1;0;1;0;0;1;1;1;1;4;2;1;1;55;768;1024;1;6;1;1;2;2;Music;0;0;0;1;0;0;0;0;6;2
4;5;4;4;4;4;5;3;4;4;4;5;2;3;5;3;3;5;5;3;2;2;3;4;4;5;US;47;72;95;5;3;3;3;7;5;6;5;5;1;1;1;1;1;1;0;1;1;0;1;1;0;1;1;1;1;4;3;2;1;31;1440;960;1;2;2;2;1;4;Psychology;0;1;0;0;0;0;0;0;7;2
4;5;5;4;3;4;5;5;2;4;2;2;5;4;3;4;3;3;3;5;1;3;4;4;2;4;MX;157;109;175;1;6;5;7;6;7;5;5;2;3;1;1;1;1;1;0;0;1;0;1;0;0;1;1;1;1;2;3;2;2;19;1366;768;1;4;1;2;1;2;NA;0;0;0;0;1;0;0;0;5;2
5;5;5;5;5;5;5;5;5;5;5;5;5;5;1;5;2;5;5;5;5;5;5;5;5;5;ES;8;56;126;1;7;7;2;6;7;5;4;3;1;1;1;1;1;1;0;0;0;0;1;1;1;1;1;1;1;1;3;2;2;13;1920;1080;2;2;1;2;1;1;Maths and Physics;0;0;0;1;1;0;0;0;7;2
4;4;4;3;2;1;3;5;3;4;4;3;4;3;2;2;4;4;2;4;2;2;2;3;2;2;US;4;139;175;5;3;5;5;4;5;3;3;6;3;0;1;0;0;1;0;0;0;0;0;0;0;0;1;0;1;2;3;1;1;16;360;640;1;2;4;2;1;0;NA;0;0;1;0;0;0;0;0;1;2
5;5;5;5;5;4;5;5;5;4;5;3;5;5;2;5;5;5;5;5;3;3;5;5;4;5;US;4;68;127;3;4;3;2;6;6;4;6;4;1;1;1;1;1;1;0;0;1;0;1;0;0;1;1;1;1;1;2;1;1;14;1600;1080;1;2;2;2;1;1;NA;0;1;0;0;0;0;0;0;7;2
4;5;5;4;4;5;4;3;4;4;3;2;5;2;4;2;5;4;5;2;1;4;5;3;3;4;US;153;91;157;2;5;3;2;5;6;3;6;7;3;1;1;1;1;1;0;1;1;0;1;1;0;1;1;1;1;3;1;1;1;38;1280;800;1;7;3;2;1;2;History;0;0;0;1;0;0;0;0;6;2
4;2;1;3;3;3;2;4;2;3;2;2;3;2;4;3;3;3;5;3;2;3;4;5;2;3;ID;1165;140;88;3;5;5;4;4;5;5;3;4;3;1;0;0;1;1;0;0;0;0;1;0;0;0;1;1;1;4;3;2;1;25;1366;768;1;6;0;1;1;1;law;0;1;0;0;0;0;0;0;6;2
5;4;4;3;5;5;1;4;5;5;1;2;5;3;5;4;4;4;1;4;4;1;5;5;1;5;US;17;81;174;1;7;3;6;6;6;2;3;3;4;1;1;1;1;1;0;0;1;0;1;1;0;1;0;0;1;4;1;2;1;27;375;667;1;6;1;1;1;2;English;0;0;0;1;0;0;0;0;5;2
5;1;5;3;5;5;5;3;5;5;1;5;5;3;1;5;5;1;1;5;1;5;5;5;3;5;US;2;139;217;1;6;6;7;6;7;7;1;7;5;1;1;1;1;1;0;0;0;0;1;0;0;0;1;1;1;3;3;2;1;46;375;667;1;6;1;2;3;2;Psychology;0;0;0;1;0;0;0;0;7;2
4;5;4;4;4;4;3;4;4;4;2;4;4;2;5;2;4;5;4;3;4;3;5;4;3;3;US;2;74;135;5;5;4;6;6;5;5;5;2;2;1;1;1;1;1;0;0;0;0;1;0;0;1;1;1;1;2;1;2;1;21;1280;800;1;6;5;1;1;3;Graphic Technologies;0;0;0;1;0;0;0;0;5;2
4;5;5;4;5;4;5;4;4;4;2;5;2;2;4;5;4;5;3;3;4;1;4;4;4;5;US;2273;90;154;5;4;2;5;6;6;6;4;5;2;1;1;1;1;1;0;0;1;0;1;0;0;1;1;1;1;3;2;2;2;25;1440;900;1;1;1;2;1;6;genetics;0;0;1;0;0;0;0;0;5;2
5;5;5;5;5;5;5;1;5;5;2;4;3;5;1;2;3;5;4;5;5;3;4;5;5;5;AR;289;86;132;5;4;5;6;5;3;6;5;3;1;1;1;1;1;1;0;0;1;0;0;0;0;1;1;0;1;2;3;1;2;25;1366;768;1;2;1;1;1;2;Physics;1;0;0;1;1;0;0;0;7;1
5;5;5;5;5;5;5;5;5;4;3;5;5;4;5;5;5;3;5;5;1;1;5;5;5;5;IN;7;74;139;5;3;6;5;7;7;7;1;5;1;1;1;0;1;1;0;0;0;0;1;0;0;0;1;1;1;0;1;1;2;21;501;891;1;10;2;2;1;4;NA;1;1;0;0;0;0;0;1;4;2
5;4;5;5;4;4;5;4;3;5;4;4;3;5;3;2;4;3;4;4;4;3;4;5;4;4;MX;4;153;139;2;5;5;5;5;6;5;5;6;4;1;1;1;1;1;1;0;0;0;1;1;0;1;1;1;1;4;3;1;2;26;1600;900;1;1;1;2;2;2;Chemistry;0;0;0;0;1;0;0;0;5;2
3;3;5;3;4;4;5;5;4;4;1;5;2;5;4;4;2;3;1;4;1;2;5;4;3;5;MX;1;214;263;5;6;7;7;5;5;6;1;3;1;1;1;1;1;1;0;0;1;1;1;1;1;1;1;1;1;4;3;2;2;31;1920;1080;1;4;1;1;1;3;biology;0;0;0;0;1;0;0;0;5;2
4;2;5;4;5;4;5;4;5;4;1;5;4;4;3;1;5;3;2;4;3;2;4;5;5;5;MX;13;152;291;4;6;6;5;7;5;5;6;5;2;1;1;1;1;1;0;1;1;0;1;1;0;1;1;1;1;3;2;1;2;29;768;1024;1;1;1;2;1;3;Biological Chemistry;0;0;0;0;1;0;0;0;7;2
3;3;5;2;4;3;5;1;5;4;3;5;3;5;1;1;3;4;1;3;2;4;4;4;4;5;IN;357;612;324;5;1;7;3;7;5;7;1;7;1;1;1;1;1;1;1;1;1;1;1;1;1;1;1;1;1;4;3;2;2;48;1188;668;1;8;1;1;3;3;Management;0;1;0;0;0;0;0;0;7;2
4;4;5;4;3;4;1;5;4;3;4;2;5;5;5;5;5;4;4;5;5;2;4;4;2;3;US;6;89;159;1;6;4;7;5;4;2;4;2;1;1;1;0;1;1;1;0;0;0;1;0;1;1;1;1;1;1;2;2;1;14;412;732;1;6;2;2;1;3;Language study;0;1;0;0;0;0;0;0;6;2
5;5;5;5;4;4;5;5;5;4;3;5;3;3;5;5;5;1;5;5;2;2;4;5;5;5;GB;2;271;181;1;6;5;6;6;7;5;5;3;1;1;1;1;1;1;1;1;1;0;1;1;1;1;1;1;1;4;3;2;1;29;360;640;1;1;1;2;2;1;NA;0;0;0;1;0;0;0;0;6;2
5;1;5;1;5;1;5;1;5;5;1;5;2;1;1;1;5;1;1;1;1;1;5;5;1;5;US;318;300;143;2;7;1;6;6;3;5;3;1;1;1;1;1;1;1;1;1;1;1;1;0;1;0;1;1;1;2;3;2;1;33;1366;768;1;1;1;2;3;4;NA;0;0;0;1;0;0;0;0;5;2
4;5;4;3;4;4;4;5;4;3;5;5;4;4;5;4;4;5;5;3;1;1;4;5;5;4;US;2;73;125;6;7;5;6;7;3;5;2;4;2;1;1;0;1;1;0;0;0;0;1;0;1;1;1;1;1;1;1;1;1;17;1920;1080;1;7;1;2;1;1;NA;0;0;0;1;0;0;0;0;6;2
3;5;5;3;5;3;3;5;5;5;5;4;4;3;5;5;2;5;1;3;1;2;5;4;5;4;US;5;109;207;5;5;3;2;6;5;4;6;6;3;1;1;1;1;1;0;0;0;0;1;0;0;1;1;1;1;3;3;2;1;22;412;846;1;6;1;1;1;2;Mathematics and Education;0;0;0;1;0;0;0;0;6;2
5;5;5;4;4;4;5;1;5;2;5;4;3;4;2;4;5;5;5;5;2;1;1;5;5;4;US;256;79;163;1;5;6;3;6;7;7;3;5;1;1;1;0;1;1;0;0;0;0;1;0;0;1;1;1;1;1;3;1;1;15;1366;768;1;2;1;2;1;2;NA;0;0;0;1;0;0;0;0;4;2
5;5;4;5;5;1;5;1;5;5;5;5;4;5;1;1;5;1;5;1;5;5;5;5;5;5;CA;3;58;105;5;7;7;1;7;7;7;1;7;1;1;1;0;1;1;1;0;1;1;1;0;1;1;1;1;1;2;3;1;1;19;1920;1080;1;12;1;2;1;0;physics;0;1;0;0;0;0;0;1;3;2
5;5;4;5;4;4;5;4;4;4;5;5;4;4;4;2;4;4;5;4;1;1;3;4;4;4;US;6;185;427;2;2;2;1;6;6;1;2;7;2;1;1;0;1;1;0;0;0;0;1;0;0;0;0;1;1;1;1;1;1;17;1366;768;1;2;1;2;1;2;NA;0;0;0;1;0;0;0;0;7;2
5;5;5;5;5;5;5;5;5;4;5;5;5;4;5;5;5;4;5;5;4;5;5;5;5;4;BE;5;63;172;1;7;5;5;6;7;3;7;2;1;1;1;1;1;1;0;0;1;0;1;1;0;1;1;1;1;2;3;2;2;15;1366;768;3;6;2;2;1;2;psychology;0;0;1;1;0;0;0;0;5;2
5;5;4;5;4;3;5;5;2;5;5;4;5;4;3;5;3;1;5;3;4;4;3;5;4;4;PH;22;110;165;7;5;4;5;7;2;6;6;7;2;1;1;1;1;1;1;1;1;0;1;0;0;1;1;1;1;2;3;1;2;20;1536;864;1;2;1;2;1;3;Psychology;0;1;0;0;0;0;0;0;5;2
4;4;4;4;2;2;4;4;4;4;4;4;4;3;2;3;2;4;5;3;3;3;4;2;2;4;SG;348;84;111;3;1;5;5;7;6;6;6;6;6;1;1;1;1;1;0;0;0;0;1;0;0;1;1;1;1;3;3;2;1;19;1536;864;1;12;1;2;1;2;Computing;0;1;0;0;0;0;0;0;5;2
4;2;4;2;5;4;5;2;4;2;1;4;1;4;3;4;5;5;5;4;2;1;5;5;5;5;US;1;51;94;2;6;5;3;7;6;1;3;6;7;1;1;0;1;1;1;0;0;0;1;0;1;1;1;1;1;2;2;2;1;18;1920;1080;1;4;2;2;1;2;Biological Engineering;0;0;0;1;0;0;0;0;3;2
5;5;5;5;5;4;5;5;5;5;1;5;5;5;5;2;5;5;1;5;3;5;5;5;2;5;IN;83;171;116;2;1;3;5;7;7;7;6;5;1;1;1;1;1;1;0;1;1;0;1;1;0;1;1;1;1;4;3;2;2;39;1366;768;1;2;1;2;1;1;English;0;1;0;0;0;0;0;0;7;2
5;5;5;5;5;5;5;5;5;3;5;5;5;5;4;5;5;4;4;5;5;5;5;5;3;5;GB;444;72;171;6;7;6;6;7;5;7;5;5;5;1;1;1;1;1;0;0;0;0;1;0;0;1;1;1;1;2;3;2;2;18;1366;768;1;4;1;2;1;1;NA;0;0;0;1;0;0;0;0;7;2
4;4;5;5;5;5;5;4;4;5;1;2;2;5;1;2;5;2;1;5;4;5;5;4;1;5;PH;55;211;461;1;6;1;6;7;7;3;7;1;6;1;1;1;1;1;0;0;1;0;1;1;0;1;1;1;1;3;1;2;1;21;360;640;1;4;1;2;1;3;Humanities;0;1;0;0;0;0;0;0;5;2
5;5;4;5;4;5;4;2;4;4;3;4;4;5;5;5;2;5;2;4;4;1;5;4;2;5;US;6;93;148;6;3;7;7;6;2;7;3;5;6;1;1;0;1;1;0;0;0;0;1;0;0;1;1;1;1;2;2;2;1;39;360;640;1;2;2;1;3;2;Accounting;0;0;0;1;0;0;0;0;6;2
4;5;5;2;5;5;5;5;5;4;5;5;5;2;1;5;4;5;5;3;5;1;5;5;2;5;CA;60489;323;459;2;1;2;5;6;6;7;7;1;1;1;1;1;1;1;0;1;1;0;1;0;0;1;1;1;1;4;3;2;1;34;1366;768;1;4;1;1;1;3;Psychology;0;0;0;1;0;0;0;0;7;2
3;3;4;5;4;4;4;2;4;4;1;4;3;3;2;5;0;5;1;4;1;2;3;5;4;4;US;24;82;126;1;5;3;6;6;7;4;6;4;4;1;1;1;1;1;0;1;1;0;1;1;1;1;1;1;1;4;2;2;2;28;1280;800;1;10;1;1;1;3;archaeology;1;0;1;0;0;0;0;0;6;2
5;5;5;5;5;3;5;5;3;5;3;5;4;5;2;4;5;5;2;4;2;2;1;5;4;4;AU;2238;77;77;3;6;5;7;5;6;3;6;1;1;1;1;0;1;1;0;0;0;0;1;0;0;1;1;1;1;2;1;1;1;19;1920;1080;1;1;5;2;1;3;NA;0;0;0;1;0;0;1;0;7;1
4;5;5;4;5;4;5;5;3;5;4;4;5;2;1;5;5;5;5;5;3;3;5;5;4;5;DE;3;119;148;3;5;6;3;5;7;5;4;7;3;1;1;0;1;1;0;0;1;0;1;0;0;0;1;1;1;3;2;1;2;19;360;640;1;2;4;1;1;2;Politics;0;0;0;1;0;0;0;0;6;2
5;4;3;5;5;5;3;5;5;3;5;5;5;4;5;2;5;1;5;3;1;5;5;5;1;3;BG;20;79;170;1;6;7;1;6;6;1;1;5;1;1;1;1;1;1;0;1;0;1;1;1;1;1;1;1;1;3;3;2;2;22;1280;1024;1;2;4;2;1;1;Marketing;0;0;0;1;0;0;0;0;6;2
5;1;5;5;5;1;1;5;3;5;3;1;5;5;5;3;5;1;1;1;1;1;5;5;1;5;IN;38;90;143;2;2;2;1;3;5;7;5;2;1;1;0;0;1;1;0;0;0;0;1;0;0;1;0;1;1;2;3;2;2;19;1440;900;2;8;1;2;1;1;NA;0;1;0;0;0;0;0;0;5;2
5;5;5;5;4;2;5;4;5;5;4;5;1;5;3;1;4;3;4;3;2;1;1;5;3;1;AU;3;117;136;4;5;4;3;6;5;4;7;5;1;1;1;0;1;0;0;0;0;0;1;0;0;1;1;1;1;1;2;1;1;17;1440;900;1;4;1;2;1;4;NA;0;0;0;1;0;0;0;0;5;2
5;5;4;5;5;4;5;1;5;4;1;5;2;3;3;1;3;5;1;3;5;1;5;5;5;5;US;731;725;129;6;2;2;1;7;5;6;7;5;1;1;1;1;1;1;0;0;1;0;1;0;1;1;1;1;1;2;3;2;1;16;320;568;1;1;3;2;1;3;NA;0;0;0;1;0;0;0;0;5;2
2;5;5;4;5;1;5;5;5;4;5;3;5;5;1;5;5;4;5;5;1;1;2;0;5;5;PL;300;124;215;2;1;6;5;7;7;5;2;7;4;1;1;0;1;1;0;0;0;0;1;0;0;1;1;1;1;2;1;1;2;19;360;640;2;1;1;2;1;3;NA;0;0;0;1;0;0;0;0;6;2
5;5;5;5;5;5;5;1;5;5;1;2;5;5;1;5;5;5;5;5;2;5;5;5;5;5;US;13;59;217;1;7;6;7;7;7;1;1;7;1;1;1;1;1;1;0;1;1;0;1;1;0;1;1;1;1;4;2;1;1;40;1344;756;2;9;4;2;1;2;civil engineering;0;0;0;0;0;0;0;1;4;1
3;2;4;2;4;4;4;3;3;4;2;4;3;4;1;4;3;4;1;3;1;4;4;5;4;5;GB;15;130;217;4;5;7;6;6;7;3;6;3;3;1;1;1;1;1;0;1;1;0;1;1;0;1;1;1;1;4;2;1;1;71;1024;640;1;1;1;1;1;2;1)Engliah 2)Psychology 3)Knowledge based syst;0;0;0;1;0;0;0;0;5;2
3;1;4;2;1;1;3;4;2;5;2;1;1;2;1;2;4;3;1;1;5;1;4;4;1;1;US;3;78;549;2;5;2;7;6;5;6;7;1;1;1;1;0;1;1;0;0;0;0;1;0;0;1;1;1;1;4;3;2;1;30;1280;800;1;2;2;1;1;1;psychology;0;1;0;1;0;0;0;0;2;2
5;5;5;3;5;3;5;5;5;5;4;5;5;3;5;3;5;5;4;5;4;5;4;5;5;5;FI;13;154;131;2;5;6;5;5;6;3;5;7;4;1;1;0;1;1;0;0;1;0;1;1;0;1;1;1;1;2;1;2;2;19;1440;900;1;6;1;1;1;3;NA;0;0;0;1;0;0;0;0;6;2
3;4;5;3;4;4;4;1;3;3;3;2;4;4;1;3;2;3;5;3;1;1;1;4;4;2;PL;18;81;81;1;7;1;7;2;6;3;6;2;5;1;0;0;1;0;0;0;0;0;1;0;0;0;0;1;1;1;3;2;2;17;1280;1024;2;2;1;2;1;1;NA;0;0;0;1;0;0;0;0;6;2
3;5;5;5;4;5;5;5;5;3;5;5;4;3;5;5;4;5;4;3;5;5;5;0;3;5;US;2;49;468;4;5;3;5;5;7;7;5;3;4;1;1;1;1;1;0;1;1;0;1;1;0;1;1;1;1;3;1;2;1;34;1680;1050;1;12;2;1;3;2;Geology;0;0;0;1;0;0;0;0;6;2
5;5;4;4;5;4;5;4;4;4;4;5;5;5;3;4;4;4;5;5;4;4;5;5;4;4;FR;2190;192;143;3;2;5;5;6;6;4;1;7;2;1;1;0;1;1;0;1;1;0;1;1;0;1;1;1;1;3;2;1;2;32;1920;1080;1;2;1;1;1;2;Neuroscience;0;0;0;1;0;0;0;0;6;2
5;4;4;4;4;3;5;3;5;5;5;4;3;5;3;4;3;5;4;4;3;3;5;5;3;5;US;2;80;147;5;3;6;4;6;6;6;2;4;3;1;1;0;1;1;0;0;1;0;1;0;1;0;1;1;1;2;2;2;1;16;375;667;1;4;2;2;1;1;Neuroscience;0;1;0;0;0;0;0;0;6;2
4;4;4;3;4;2;4;5;2;3;3;4;5;5;4;4;5;2;3;3;4;1;1;5;3;3;CA;8;85;179;5;5;6;6;5;5;5;5;2;4;1;1;1;1;1;0;0;0;0;1;0;1;1;1;1;1;1;2;2;1;16;1368;912;1;12;0;2;1;3;NA;0;0;0;1;0;0;0;0;3;2
3;4;5;2;1;1;2;4;1;2;1;1;1;3;2;4;2;1;4;2;1;1;1;2;2;2;US;2;120;163;5;1;2;7;5;6;6;5;2;2;1;1;0;1;1;0;0;0;0;1;0;0;1;1;1;1;1;2;1;1;16;768;1024;1;1;1;2;1;1;NA;0;0;0;1;0;0;0;0;4;2
4;5;4;4;3;2;4;3;2;5;5;4;1;5;3;1;3;4;5;1;4;1;4;5;4;4;US;94;117;133;6;3;6;1;7;1;7;6;3;2;1;1;0;1;1;1;0;0;0;1;0;1;1;1;1;1;2;2;1;1;20;1920;1080;1;12;2;1;1;2;Genereal Education;0;0;0;1;0;0;0;0;5;2
4;4;3;3;4;3;5;2;5;4;4;4;3;3;1;2;5;5;2;4;3;1;5;4;4;5;MX;2145;113;188;4;6;2;1;7;6;5;7;7;2;1;1;1;1;1;0;0;1;0;1;0;0;1;1;1;1;3;3;1;2;28;1366;768;2;4;1;2;1;2;engineering, math and marketing;0;0;0;1;1;1;0;0;6;2
5;1;5;5;4;5;5;4;3;4;1;5;2;3;1;2;5;3;1;5;1;1;5;3;3;4;NZ;22;101;105;1;6;6;4;6;6;4;2;4;1;1;1;0;1;1;0;0;1;0;1;0;0;1;1;1;1;4;3;2;1;29;1280;800;1;1;1;1;1;2;Psychology;0;0;0;0;0;0;0;1;6;2
4;4;5;5;5;4;4;5;4;4;4;4;4;3;2;5;5;2;5;5;2;1;4;4;3;4;US;2;118;150;2;4;5;7;5;7;7;3;5;6;1;0;0;1;0;0;0;0;0;1;0;0;0;0;1;1;2;3;1;2;18;768;1024;1;2;1;2;1;0;NA;0;0;0;1;0;0;0;0;7;2
5;4;5;5;4;2;4;5;4;5;4;2;5;4;2;5;5;3;4;2;3;1;5;3;4;4;CA;3;332;246;1;6;1;5;6;7;1;7;1;1;1;1;0;1;1;0;0;0;0;1;0;0;1;1;1;1;2;3;3;1;16;375;667;2;2;5;2;1;2;NA;0;0;0;1;0;0;0;0;6;2
5;5;5;5;4;5;5;5;5;5;3;3;5;5;5;4;4;5;4;4;2;4;5;5;3;5;US;2;1592;110;2;7;7;7;5;7;6;5;2;1;1;1;1;1;1;1;0;1;0;1;1;1;1;1;1;1;4;2;2;1;32;2560;1440;1;2;1;1;2;2;Visual Communication;0;0;0;1;0;0;0;0;7;1
5;5;5;4;4;3;5;1;5;3;1;4;5;5;1;3;5;5;1;5;4;1;1;5;4;4;EE;2633;114;239;4;6;2;5;7;2;6;6;2;1;1;1;0;1;1;0;1;1;0;1;0;0;1;1;1;1;4;3;2;2;52;1536;864;3;2;1;2;3;2;IT;0;0;0;1;0;0;0;0;4;2
4;4;4;3;4;4;4;4;4;5;4;2;4;4;4;2;4;4;5;4;4;1;4;4;4;4;US;6;59;81;3;1;4;3;6;6;5;5;6;5;1;1;1;1;1;0;0;1;0;1;1;0;1;1;1;1;3;3;1;1;24;1536;864;1;6;1;2;1;2;econ;0;0;0;1;0;0;0;0;6;2
2;4;2;5;5;4;5;1;5;4;1;1;5;4;1;4;5;5;1;5;5;1;5;5;5;5;CA;2201;95;129;3;5;6;6;5;4;3;3;5;4;1;1;0;1;1;0;0;1;0;1;0;0;0;1;1;1;4;3;2;2;41;1366;768;1;1;4;2;3;2;Medicine;0;0;0;1;0;0;0;0;5;2
5;4;5;5;1;3;3;5;1;5;5;2;5;4;3;3;5;3;5;3;1;1;5;1;3;1;BR;40;113;232;1;6;7;5;5;7;5;5;7;5;1;1;0;1;1;0;0;1;0;1;0;0;1;1;1;1;3;3;2;2;29;375;667;1;1;1;2;2;2;IT;0;0;0;1;0;0;0;0;6;2
5;5;5;2;3;3;3;4;5;5;1;2;5;2;4;5;2;2;1;2;1;2;4;3;4;2;ID;539;180;301;6;7;5;7;6;6;6;6;3;4;1;1;0;1;1;0;0;0;0;1;0;0;0;1;1;1;1;3;2;2;17;360;740;1;6;1;2;1;3;Computering;0;1;0;0;0;0;0;1;5;2
4;4;4;3;4;4;4;4;4;4;4;4;4;4;3;4;4;4;4;4;4;2;4;4;4;4;AU;47;58;228;2;6;7;5;5;5;5;2;3;6;1;1;1;1;1;0;1;1;0;1;1;0;1;1;1;1;4;2;1;1;36;1920;1080;1;2;1;1;2;2;Computing;0;0;0;1;0;0;0;0;7;2
4;4;4;2;2;2;4;4;4;5;1;4;2;4;4;1;2;1;1;3;4;4;5;5;1;5;CA;31;125;256;5;5;6;5;7;5;5;2;5;2;0;0;0;0;0;0;1;0;1;0;1;1;0;0;0;0;3;3;2;1;37;412;732;1;7;1;1;2;4;Psychology;0;0;0;1;0;0;0;0;6;2
4;5;5;4;4;4;5;4;3;5;4;5;5;5;4;5;5;4;5;4;2;3;5;5;5;5;GB;431;66;109;1;4;6;7;6;7;6;1;2;4;1;1;0;1;1;0;0;0;0;1;0;0;1;1;1;1;2;3;0;1;41;1920;1080;1;2;1;2;2;2;NA;0;0;0;1;0;0;0;0;5;2
2;4;1;1;4;2;5;3;5;5;4;5;1;3;4;2;3;5;3;1;2;1;1;5;4;5;IT;13;193;217;6;6;2;6;7;2;4;7;1;1;1;1;1;1;1;0;0;0;0;1;0;0;1;1;1;1;4;3;1;2;31;1024;1366;1;2;2;1;1;3;Mathematics;0;0;0;0;1;0;0;0;1;2
4;5;4;5;5;3;5;2;3;4;4;5;2;2;2;4;4;5;1;5;1;1;1;5;5;5;IT;1;160;173;3;7;6;5;7;5;3;6;6;6;1;1;0;1;1;0;0;0;0;1;0;0;0;1;1;1;3;1;2;2;26;1024;1366;1;2;5;1;1;1;mathematics;0;0;0;1;0;0;0;0;4;2
5;4;4;5;5;4;5;3;5;5;3;5;5;5;2;2;5;3;5;5;4;2;4;5;4;5;AR;35;148;313;2;2;7;6;7;7;7;1;6;2;1;1;1;1;1;0;0;1;0;1;0;0;1;1;1;1;2;3;1;2;32;1366;768;1;1;1;1;1;2;Medicine;1;0;0;1;1;1;0;0;6;2
3;5;5;3;4;3;5;5;4;5;3;3;3;3;1;3;5;4;4;5;2;2;4;4;3;4;PH;2;143;229;3;4;7;6;5;7;4;6;5;5;1;1;0;1;1;0;0;1;0;1;0;0;1;1;1;1;1;3;2;2;16;1366;768;1;1;3;2;1;3;NA;0;1;0;0;0;0;0;0;4;2
3;4;3;3;2;3;5;2;3;3;1;4;5;4;2;3;5;1;4;4;1;4;4;5;2;3;US;15;150;418;4;5;7;5;5;7;5;4;4;6;1;0;0;1;1;0;0;0;0;1;0;0;0;1;1;1;2;3;1;2;19;360;640;1;4;1;2;1;1;Not applicable;0;1;0;0;0;0;0;0;5;2
4;2;5;3;2;4;2;4;3;5;1;2;4;4;3;3;4;4;2;4;2;1;4;4;2;4;US;9;275;300;2;2;6;6;6;7;7;3;5;4;1;1;0;1;1;0;0;0;0;1;0;0;0;1;1;1;2;3;2;1;18;360;640;1;4;1;2;1;2;Psychology;0;0;0;0;1;0;0;0;5;2
5;5;5;3;2;1;4;5;3;3;5;3;3;3;5;5;3;3;5;4;1;1;4;3;5;3;MY;8;126;186;2;3;2;6;7;7;4;6;2;4;1;0;0;1;1;0;0;0;0;1;0;0;0;0;1;1;2;1;1;2;21;360;640;1;10;1;2;1;10;NA;0;1;0;0;0;0;0;0;5;2
4;5;4;4;5;5;5;4;4;5;4;5;5;4;3;3;5;5;4;5;5;3;5;5;4;5;GB;12;69;102;1;1;6;5;6;6;5;2;3;1;1;1;1;1;1;0;1;0;0;1;1;0;1;1;1;1;4;2;2;1;47;1024;600;1;6;1;2;1;4;Anthropology;0;0;0;1;0;0;0;0;7;2
4;4;5;4;4;2;4;4;2;5;5;4;5;3;2;4;4;2;5;2;2;2;4;4;2;3;US;233;68;120;2;2;6;6;4;7;6;4;4;4;1;1;0;1;1;0;0;0;0;1;0;0;1;0;1;1;3;2;1;1;24;1536;864;1;4;1;2;1;4;Accounting;0;0;0;1;0;0;0;0;7;2
1;4;4;3;4;5;5;5;5;5;5;5;5;5;1;5;5;4;3;5;1;3;5;3;5;5;CA;2;94;103;1;2;6;3;3;5;3;5;6;7;1;1;1;1;1;0;1;1;0;1;1;0;1;1;1;1;2;3;2;1;52;1600;900;1;2;4;2;2;1;NA;0;0;0;1;0;0;0;0;7;2
3;4;4;5;4;5;5;1;5;5;2;5;2;2;1;3;1;5;2;2;2;1;5;5;3;4;US;974;83;91;4;1;3;6;7;4;6;6;2;1;1;1;1;1;1;0;1;1;0;1;1;0;1;1;1;1;4;2;1;1;33;1920;1080;1;2;3;1;1;2;Biology;0;0;0;1;0;0;0;0;4;2
5;5;3;5;4;5;5;4;5;5;2;4;1;4;3;2;3;5;1;3;5;1;5;5;1;5;BR;15;131;214;4;5;3;6;7;4;7;4;2;1;1;1;1;1;1;0;0;1;0;1;1;0;1;1;1;1;3;3;2;2;21;375;667;1;2;2;1;1;2;Psychology;1;0;0;1;0;0;0;0;7;2
3;1;4;3;4;2;2;4;5;4;1;2;2;3;3;3;5;1;1;4;3;1;5;4;2;4;MY;180;63;143;5;5;5;6;6;4;7;6;4;3;1;0;0;1;0;0;0;0;0;1;0;0;0;0;1;1;3;3;2;2;20;360;640;1;10;1;2;1;5;Account;0;1;0;0;0;0;0;0;5;2
5;3;5;3;3;2;3;4;5;3;2;3;3;2;3;4;3;1;2;3;4;5;5;2;4;3;US;15;107;418;2;3;5;5;3;7;6;3;4;5;1;0;0;1;0;0;0;0;0;1;0;1;0;0;1;1;2;0;2;1;21;375;667;1;10;0;2;1;4;Bakery;0;1;0;0;0;0;0;0;5;2
4;4;5;3;3;3;4;4;3;3;3;3;3;2;4;3;3;1;5;3;1;1;2;3;3;3;MY;59;106;409;3;5;4;5;6;5;5;5;4;5;1;1;0;1;1;0;0;0;0;1;0;0;1;0;1;1;3;2;1;2;20;360;640;1;10;1;2;1;3;English;0;1;0;0;0;0;0;0;6;2
5;5;5;5;5;1;5;4;5;1;5;5;1;3;5;5;4;5;5;3;1;1;1;5;5;5;GB;15;98;111;7;7;5;7;7;1;7;5;4;4;1;1;0;1;1;0;0;0;0;1;0;0;1;1;1;1;4;2;1;1;23;1920;1080;1;1;3;1;1;2;Computing & Information Systems;0;0;0;1;0;0;0;0;7;2
4;5;4;5;3;3;5;5;3;3;5;5;2;5;5;1;2;4;5;3;1;1;1;5;4;3;AT;27;137;171;2;6;4;5;2;3;6;6;4;4;1;1;0;1;1;0;0;0;0;1;0;0;0;0;1;1;2;3;1;2;22;1920;1080;1;4;1;1;1;1;Chemistry;0;0;0;1;0;0;0;0;7;2
4;4;2;3;4;2;4;4;4;3;2;4;2;4;1;5;3;5;2;4;2;2;5;4;2;2;MY;83;204;146;5;5;5;4;6;3;6;6;5;3;0;1;0;1;1;0;0;0;0;1;0;0;0;0;1;1;3;2;2;2;23;360;640;2;10;1;1;1;3;Statistics;0;1;0;0;0;0;0;0;4;2
1;4;5;2;3;5;2;3;5;2;1;3;5;3;3;3;2;5;1;3;1;2;5;5;2;5;NZ;19;151;240;4;4;6;5;6;4;7;4;4;3;0;0;0;0;1;0;0;0;0;1;0;0;0;1;0;1;2;3;2;2;18;412;732;1;10;1;2;1;3;Accouting;0;1;0;0;0;0;0;0;5;2
1;5;5;5;5;5;5;5;5;5;5;5;5;5;3;5;5;1;5;1;1;1;1;5;5;5;MY;30;74;223;7;1;7;4;2;7;7;3;7;1;1;1;0;1;1;0;0;1;0;1;0;0;1;1;1;1;4;1;1;2;21;375;667;1;10;3;2;1;3;Electrical Engineering;0;1;0;0;0;0;0;0;7;2
1;3;2;1;3;4;5;4;3;1;5;4;2;2;1;2;2;4;2;2;1;1;4;4;1;4;RU;7;482;522;7;6;5;5;6;2;6;4;3;5;0;0;0;0;1;0;0;0;0;0;0;0;0;0;0;1;2;3;2;2;21;360;640;1;10;1;1;1;1;Pharmacy;0;0;0;1;0;0;0;0;3;2
3;2;3;3;1;2;2;5;1;3;1;2;1;1;3;5;5;1;5;3;1;1;4;3;5;3;MY;2;125;134;5;6;7;6;5;6;5;5;5;5;0;1;0;0;0;0;0;0;0;1;0;0;0;0;0;1;3;3;2;1;24;360;640;2;10;5;1;1;3;Business;0;1;0;0;0;0;0;0;5;2
4;4;4;5;4;3;5;5;3;4;5;5;5;2;4;0;5;4;5;3;5;2;4;5;3;5;US;1231;62;97;2;2;3;7;6;6;7;7;4;1;1;1;1;1;1;0;0;0;0;1;1;0;1;1;1;1;3;2;2;1;26;1280;720;1;2;1;1;1;3;Fine Art;0;0;0;1;0;0;0;0;7;2
4;5;5;3;4;3;5;4;1;3;5;5;5;4;4;5;5;3;5;5;5;3;3;3;2;5;AU;2;132;183;3;3;5;5;4;5;6;5;5;1;1;1;0;1;1;0;0;1;0;1;0;0;1;1;1;1;3;2;2;1;22;320;568;1;1;4;2;2;2;Social Work;0;0;0;1;0;0;0;0;6;2
2;2;4;4;5;4;2;2;5;5;1;1;5;2;1;2;4;2;4;4;4;2;5;5;2;5;MY;7;72;102;1;7;3;2;6;7;2;5;5;1;1;1;0;1;1;0;0;0;0;1;0;0;1;1;1;1;2;3;2;1;16;360;640;1;1;2;2;1;3;NA;0;1;0;0;0;0;0;0;5;2
0;5;4;3;5;4;4;4;5;5;1;5;3;3;4;3;2;4;2;5;2;2;4;5;5;5;CA;29;99;151;2;4;6;5;7;7;6;5;5;2;1;1;1;1;1;0;1;1;0;1;0;1;1;1;1;1;4;3;2;1;48;1920;1080;1;2;1;1;3;1;Business;0;0;0;1;0;0;0;0;5;2
4;5;5;4;4;4;4;5;5;5;3;4;5;3;5;4;5;4;1;3;3;4;4;5;3;3;GB;190;271;177;1;5;6;3;3;6;3;5;7;3;1;1;1;1;1;0;0;0;0;1;0;0;1;1;1;1;2;3;2;2;22;375;667;1;10;5;1;1;2;Mechanical engineering;0;0;0;0;0;0;0;1;6;2
5;5;5;5;4;1;2;5;2;5;3;4;4;5;3;5;5;3;2;5;5;1;5;5;4;5;TR;17;113;1119;6;1;5;6;6;5;7;7;5;1;0;1;1;1;1;0;0;1;0;1;0;0;1;0;1;1;1;3;2;2;16;1366;768;1;12;5;2;1;0;history;0;1;0;0;0;0;0;0;2;2
5;5;5;5;2;3;5;5;2;4;4;4;5;5;1;4;5;4;4;5;1;2;5;5;4;5;BR;45;182;309;1;5;3;7;6;7;3;7;6;1;1;1;1;1;1;0;0;0;0;1;0;0;1;1;1;1;1;2;2;2;16;320;568;2;1;5;2;1;1;NA;0;1;0;0;0;0;0;1;4;2
2;4;4;4;5;3;4;2;4;4;4;4;5;5;1;5;5;5;2;5;4;5;4;4;3;5;US;2;153;213;2;6;5;6;5;7;7;7;6;3;1;1;0;1;1;0;0;0;0;1;0;0;1;1;1;1;3;1;1;2;22;360;640;1;10;1;2;1;6;Actuarial science and mathematical statistics;0;1;0;0;0;0;0;0;5;2
4;5;4;3;5;4;4;1;4;4;1;4;2;4;1;3;4;2;2;3;1;1;2;5;4;4;NL;259;108;181;3;3;5;2;5;5;5;5;4;2;1;1;0;1;1;1;0;0;0;1;0;0;1;1;1;1;2;2;1;2;37;1366;768;1;2;1;2;1;3;NA;0;0;0;1;0;0;0;0;6;2
1;4;3;2;4;4;5;2;2;4;1;5;5;4;1;3;5;3;1;5;1;3;5;5;4;5;MY;7;244;389;7;5;6;3;5;6;6;1;6;3;0;0;0;0;0;0;0;1;0;1;0;0;0;0;0;0;3;2;1;2;21;360;720;1;10;0;1;1;3;Physics;0;1;0;0;0;0;0;0;5;2
5;1;4;3;5;3;4;4;4;5;1;1;3;4;1;3;3;5;1;4;4;5;5;5;1;5;US;7;119;189;2;5;1;7;5;6;7;6;4;2;1;1;1;1;1;0;1;0;0;1;1;0;1;1;1;1;3;2;1;1;23;375;667;1;1;1;2;1;1;Film;0;0;0;1;1;0;0;0;4;2
5;1;5;4;5;5;4;2;5;5;1;3;5;4;1;3;5;5;3;5;5;2;5;5;1;5;AU;17;107;107;1;5;1;5;7;7;3;7;3;1;1;1;1;1;1;1;1;1;0;1;1;0;1;1;1;1;3;2;1;1;27;1366;768;1;1;1;2;1;2;English;0;0;0;1;0;0;0;0;6;2
3;5;4;4;5;3;5;5;4;4;4;5;4;4;5;5;5;3;5;4;1;2;1;4;5;3;HU;28;95;173;2;7;5;3;5;7;3;5;6;2;1;1;0;1;1;0;0;1;0;1;0;0;1;1;1;1;4;2;1;2;35;1920;1080;2;2;1;2;2;2;computer engineering;0;0;0;1;0;0;0;0;6;2
5;5;3;1;1;1;5;3;1;1;3;3;3;3;5;1;3;3;5;3;1;1;1;3;3;5;MY;3;127;166;6;1;6;4;7;5;4;7;7;4;0;0;0;0;0;0;0;0;0;0;0;0;0;0;0;1;2;2;1;1;18;360;640;1;8;5;2;1;1;Photography;0;0;0;0;0;0;0;1;3;2
3;4;5;3;5;3;5;5;5;3;1;3;5;5;1;2;5;4;1;5;2;2;3;5;2;5;US;14;88;141;4;5;5;5;4;3;3;6;4;4;1;1;1;1;1;0;0;1;0;1;0;0;1;1;1;1;1;3;2;1;13;962;601;1;1;0;2;1;2;NA;0;0;0;1;0;0;0;0;4;2
5;4;5;5;5;4;4;5;5;5;2;3;5;5;2;1;4;5;1;5;5;4;5;5;1;5;US;1591;48;70;3;5;6;5;7;7;7;3;6;1;1;1;1;1;1;0;0;0;0;1;0;0;1;1;1;1;3;2;2;1;24;1024;768;1;6;1;1;1;2;Education, Spanish;0;0;0;1;0;0;0;0;7;2
2;4;3;2;4;5;3;5;5;5;1;2;4;4;5;5;4;5;1;4;5;4;5;4;2;4;US;3;66;102;2;3;6;7;3;5;5;6;4;3;1;1;1;1;1;0;0;0;0;1;0;0;1;1;1;1;2;2;2;1;18;1280;720;1;1;1;2;1;3;NA;0;0;0;1;0;0;0;0;5;2
4;5;4;4;5;3;5;4;5;3;3;5;3;3;5;3;5;4;5;4;2;2;5;5;4;4;NL;35;147;262;5;3;6;1;6;6;6;1;6;2;1;1;0;1;1;0;0;0;0;1;0;0;0;1;1;1;2;1;1;2;18;360;740;2;2;3;2;1;2;NA;0;0;0;1;0;0;0;0;6;2
2;3;4;2;5;4;5;3;5;4;4;4;3;3;2;5;3;4;4;4;4;5;4;5;4;4;MX;6;91;5327;5;7;5;4;6;3;6;6;5;3;1;1;0;1;1;0;1;1;0;1;1;0;1;1;1;1;4;3;1;2;31;768;1024;1;2;1;1;1;3;Philosophy;0;0;0;0;1;0;0;0;6;2
5;5;5;4;5;5;5;5;5;5;3;5;5;4;4;4;5;4;5;3;4;4;5;4;3;5;GB;21;92;98;1;5;2;6;6;7;5;6;2;1;1;1;1;1;1;0;0;1;0;1;1;0;1;1;1;1;2;1;1;1;19;1536;864;2;2;1;1;1;3;Geography;0;0;0;1;1;0;0;0;7;2
4;5;4;4;5;5;5;4;5;5;3;5;5;3;5;5;4;4;3;5;5;4;5;5;5;5;MX;6;77;134;2;5;6;7;6;7;6;2;5;2;1;1;1;1;1;0;0;1;0;1;1;0;1;1;1;1;4;3;2;2;28;1366;768;3;2;1;2;1;4;Philosophy;0;0;0;0;1;0;0;0;7;2
4;5;4;2;5;5;5;4;4;5;1;5;5;4;2;3;4;5;1;5;1;2;5;5;2;5;US;22;296;156;5;3;6;6;7;1;7;1;5;1;1;1;1;1;1;0;1;1;0;1;0;0;1;1;1;1;4;2;2;1;31;1280;800;1;1;1;2;1;4;psychology/philosophy;0;0;0;1;0;0;0;0;6;2
5;5;5;4;4;5;4;5;4;5;5;3;1;5;2;5;5;5;5;2;5;1;3;5;4;5;US;3;79;166;4;3;5;6;6;3;2;2;2;1;1;1;1;1;1;0;1;0;0;1;0;0;1;1;1;1;3;3;2;1;29;375;667;1;2;2;2;1;2;Film;0;0;0;1;0;0;0;0;7;2
1;2;3;4;5;2;4;1;4;3;1;1;3;3;1;3;3;4;2;3;1;1;2;4;3;5;DE;353;112;83;2;6;6;2;7;2;4;2;3;4;1;1;0;1;1;0;0;1;0;1;0;0;1;0;1;1;3;1;1;2;29;1280;1024;1;2;1;1;1;4;NA;0;0;0;1;0;0;0;0;2;2
4;5;5;4;4;2;5;2;4;5;3;4;4;3;2;5;5;1;3;5;2;1;1;5;5;5;BR;2;72;126;3;5;6;6;6;6;4;5;2;2;1;1;0;1;1;0;0;1;0;0;0;0;0;1;1;1;2;2;2;2;18;375;667;1;1;3;2;1;1;NA;0;0;0;1;0;0;0;0;6;2
5;5;5;5;5;5;0;4;5;5;5;4;5;5;5;5;5;2;3;5;5;4;5;5;5;5;PT;7;98;281;3;2;4;5;5;7;7;2;3;2;1;1;1;1;1;0;1;1;0;1;1;1;1;1;1;1;2;2;2;2;17;360;640;1;4;2;2;1;2;Education;0;0;0;1;0;0;0;0;7;2
3;5;5;4;5;4;5;3;5;5;4;4;5;5;1;5;5;3;3;5;5;2;5;5;2;4;US;5;84;164;2;5;6;3;6;6;3;4;5;1;1;1;1;1;1;0;0;1;0;1;0;0;1;1;1;1;1;2;1;1;14;1536;864;1;6;1;2;1;4;NA;0;0;0;1;0;0;0;0;6;2
4;5;3;4;3;3;4;4;3;3;3;4;4;4;4;4;3;3;4;3;3;3;4;4;4;4;GB;2;129;158;5;3;2;3;7;4;6;3;5;2;1;1;1;1;1;1;0;0;1;1;0;1;0;1;1;1;2;2;1;1;14;1280;1024;2;0;2;0;1;2;NA;0;0;0;1;0;0;0;0;7;2
3;5;2;4;4;4;5;2;4;5;5;5;4;4;4;2;3;4;5;3;4;3;4;5;4;5;MY;6;107;177;6;6;3;3;7;3;6;6;5;1;1;1;0;1;1;0;0;0;0;1;0;1;1;1;1;1;3;2;1;2;25;1280;1024;1;10;1;1;1;4;sceince computer;0;1;0;0;0;0;0;1;6;2
4;4;4;4;5;4;4;5;4;4;1;4;4;2;1;3;3;5;1;4;4;4;5;4;1;4;AU;7;79;96;2;7;5;6;6;5;3;5;2;2;1;1;1;1;1;0;1;1;0;1;1;0;1;1;1;1;4;3;2;1;24;1440;900;1;2;2;2;1;1;law;0;0;0;1;0;0;0;0;5;2
2;5;5;5;5;4;5;1;5;5;5;1;1;1;1;4;4;5;5;3;1;1;1;5;1;4;CA;2;80;108;4;6;7;3;5;5;3;1;7;2;1;1;0;1;1;1;0;1;0;1;0;0;1;1;1;1;4;2;1;1;23;1920;1080;1;1;2;2;1;2;political science;0;0;0;1;0;0;0;0;5;2
3;4;4;3;4;3;4;3;4;5;1;4;3;5;4;2;4;4;3;4;4;2;3;4;4;5;RU;38;112;212;2;6;3;6;6;4;6;6;2;3;1;0;0;1;1;0;0;0;0;1;0;0;1;1;1;1;3;3;2;2;25;1366;768;1;2;3;2;1;2;culture studies;0;0;0;0;0;0;0;1;4;2
5;4;2;3;4;3;4;3;3;4;4;4;3;2;4;1;1;5;5;1;5;1;5;3;4;4;GB;762;91;249;7;4;5;6;7;5;6;6;2;1;1;1;1;1;1;0;0;0;0;1;1;0;1;1;1;1;1;3;3;1;25;1280;800;1;12;5;2;3;5;NA;0;0;0;1;0;0;0;0;1;2
4;5;4;2;5;3;5;3;4;4;4;5;3;4;4;4;4;5;5;4;1;1;3;4;4;5;GB;44;64;117;5;6;4;3;3;4;5;1;2;4;1;1;0;1;1;1;0;1;0;1;0;1;1;1;1;1;3;2;1;1;21;1536;864;1;2;1;1;1;3;Nursing;0;0;0;1;0;0;0;0;7;2
1;0;4;1;5;5;3;5;4;4;3;4;5;1;5;1;5;3;1;3;5;1;4;5;2;5;FR;216;119;220;5;6;3;5;3;3;2;6;7;3;1;1;1;1;1;0;0;0;1;1;0;1;1;1;1;1;3;1;1;2;25;393;786;3;8;1;1;1;2;Electrical Engineering;0;1;0;0;0;0;0;0;7;2
5;4;4;4;5;5;2;3;5;5;4;1;5;5;1;5;5;4;3;4;5;1;5;5;1;3;US;1;76;131;2;6;7;5;7;7;4;6;4;2;1;1;1;1;1;0;0;1;0;1;1;0;1;1;1;1;2;3;1;1;18;1440;900;1;2;1;2;1;2;NA;0;0;0;1;0;0;0;0;7;1
4;4;4;5;4;5;5;5;4;4;5;5;4;4;4;5;4;5;5;4;3;2;2;4;4;4;US;59;83;132;2;6;4;2;6;3;2;5;3;3;1;1;1;1;1;0;0;1;0;1;0;0;1;1;1;1;3;2;1;1;22;1920;1080;1;2;1;1;1;1;Math;0;0;0;1;0;0;0;0;7;1
2;5;5;5;4;5;5;4;3;4;5;5;4;2;5;5;4;5;5;3;2;1;5;4;4;4;US;3;118;116;3;1;7;5;5;7;7;1;5;2;1;1;0;1;1;0;0;0;0;1;0;0;1;1;1;1;3;2;2;1;21;1280;800;1;1;1;1;1;2;history ed;0;0;0;1;0;0;0;0;7;2
4;5;4;5;4;5;4;4;3;5;5;4;4;3;2;5;3;2;5;4;3;2;1;5;3;5;US;3;108;189;4;2;1;7;3;7;6;6;2;1;1;1;0;1;1;0;0;0;0;1;0;0;1;1;1;1;1;2;1;1;17;864;486;1;1;1;2;1;2;NA;0;0;0;1;0;0;0;0;5;2
5;4;5;5;4;5;5;5;4;5;5;5;4;5;5;5;5;4;5;5;1;2;2;4;5;4;CA;7;88;154;1;2;3;3;5;7;2;5;6;7;1;1;0;1;1;0;0;0;0;1;0;0;1;1;1;1;1;2;1;1;16;360;640;1;2;1;2;1;2;NA;0;0;0;1;0;0;0;0;6;2
3;5;4;4;2;3;4;5;5;5;5;4;2;4;5;5;3;4;5;4;2;4;5;5;2;2;US;4;85;144;2;6;5;7;7;5;5;5;1;1;1;1;1;1;1;1;0;0;0;1;0;0;1;1;1;1;2;3;2;1;17;414;736;1;7;1;2;1;2;NA;0;0;1;0;0;0;0;0;3;2
3;4;5;2;4;3;3;5;4;3;3;2;2;3;4;4;4;4;1;2;4;1;5;4;1;4;US;3;74;79;2;5;2;5;6;5;3;7;3;1;1;1;0;1;1;0;0;0;0;1;0;0;1;1;1;1;1;3;2;1;13;1366;768;1;2;2;2;1;3;NA;0;1;0;1;0;0;0;0;5;2
4;4;4;3;4;2;5;1;2;4;4;4;1;2;1;3;2;3;4;2;4;1;3;4;3;3;DE;60;80;196;5;5;5;5;6;4;5;2;4;2;1;1;1;1;1;0;0;1;0;1;0;1;1;1;1;1;3;1;1;1;26;1440;900;2;1;1;1;1;2;Linguistics;0;0;0;1;0;0;0;0;5;2
1;1;1;1;1;1;1;1;1;1;1;1;1;1;2;1;1;4;5;4;1;1;1;1;1;1;GB;18;101;234;5;4;5;6;1;1;7;5;7;1;1;0;0;1;1;0;0;0;0;1;0;0;0;0;1;1;2;2;1;1;15;1024;768;1;10;1;2;1;4;NA;1;1;0;0;0;0;0;0;1;0
3;2;4;4;4;4;5;2;4;4;1;2;4;1;1;2;4;2;1;4;2;2;1;5;3;4;ES;24;160;141;3;6;6;3;7;6;2;5;6;7;1;1;0;1;1;0;0;1;0;1;0;0;1;1;1;1;3;3;2;2;23;360;640;1;4;1;1;1;22;Biology;0;0;0;1;0;0;0;0;4;2
1;5;3;3;4;3;5;2;5;4;4;4;2;4;1;3;3;4;4;4;2;2;4;5;4;5;AU;4;95;118;6;5;6;2;7;3;7;5;6;1;1;1;1;1;1;0;1;1;0;1;1;1;1;1;1;1;3;2;1;1;37;1536;864;1;1;1;2;3;5;psychology;0;0;0;1;0;0;0;0;2;2
4;5;4;2;4;4;5;2;4;4;4;4;2;4;4;3;3;4;4;4;1;1;4;4;4;5;US;853;172;229;3;5;6;4;5;6;5;5;5;4;1;1;0;1;1;0;0;0;0;1;0;0;1;1;1;1;1;2;1;1;15;1280;800;1;12;1;2;1;2;NA;0;0;0;1;0;0;0;0;6;2
3;5;5;5;5;4;4;4;4;5;5;1;5;2;2;5;5;2;5;2;5;1;5;5;3;5;CL;129;77;80;2;1;3;6;7;6;7;7;2;1;1;1;1;1;1;0;0;0;0;1;0;0;1;1;1;1;1;3;2;2;19;1366;768;1;1;4;2;1;1;NA;0;0;0;0;1;0;0;0;6;2
3;5;4;3;4;3;4;5;3;4;4;3;5;2;5;2;4;2;5;4;4;2;3;5;3;4;US;2;74;83;2;1;5;5;6;6;7;6;5;1;1;1;0;1;0;0;0;0;0;0;0;0;1;1;1;1;2;2;1;1;22;1920;1080;2;4;1;1;1;3;Visual Arts;0;0;0;1;0;0;0;0;6;2
4;5;5;5;5;4;5;5;4;5;2;4;3;4;1;5;5;5;2;2;4;1;3;5;1;3;CA;2;73;139;3;5;2;5;6;6;6;6;4;3;1;1;1;1;1;0;0;1;0;1;0;0;1;1;1;1;3;3;2;1;27;375;667;1;1;2;2;1;2;Computer science;1;1;0;0;0;0;0;0;6;2
4;5;3;3;5;3;5;2;5;4;4;5;2;5;1;1;1;4;2;3;1;1;2;5;5;5;IT;2;123;223;6;7;2;2;6;5;3;6;6;2;1;1;1;1;1;0;0;1;0;1;1;0;0;1;1;1;3;1;1;2;23;1280;720;1;2;1;1;1;1;computer engineering;0;0;0;1;0;0;0;0;4;2
5;2;2;1;5;1;3;1;2;1;1;1;1;2;1;1;2;1;4;1;1;1;2;1;2;5;PL;24;137;291;4;6;1;6;7;1;7;7;2;1;0;0;0;0;0;0;0;0;0;0;0;0;0;0;0;0;2;3;1;2;16;360;640;1;1;2;2;1;1;NA;0;0;0;1;0;0;0;0;4;2
5;5;5;3;3;4;4;5;5;5;3;5;5;3;5;5;5;4;2;5;1;2;5;5;3;4;US;737;208;477;4;5;6;4;6;2;5;1;6;6;1;1;0;1;1;0;0;1;0;1;0;1;0;1;1;1;1;3;2;1;14;414;736;1;7;1;2;1;4;Criminal justice;0;0;0;1;0;0;0;0;7;2
3;3;4;2;1;2;3;2;4;3;2;2;5;2;3;2;4;5;3;4;2;2;1;5;3;5;HN;13;92;104;1;3;6;1;5;7;5;3;7;3;1;1;1;1;1;0;0;1;0;1;0;1;1;1;1;1;1;3;2;2;15;1366;768;1;6;1;2;1;1;Business;0;0;0;0;1;0;0;0;6;2
5;4;5;3;4;3;4;4;4;3;3;4;5;5;4;5;5;3;5;5;1;3;4;3;4;4;MY;3;122;125;2;2;0;0;3;0;0;2;2;0;1;0;0;1;0;0;0;0;0;1;0;0;0;0;1;1;2;2;2;2;19;412;732;2;10;1;2;1;5;Accounting;0;1;0;0;0;0;0;0;0;2
2;3;1;1;1;4;4;1;4;2;2;3;1;2;1;1;1;5;3;4;1;1;2;4;1;4;US;3;158;199;7;1;7;1;7;1;7;2;7;1;1;1;1;1;1;0;1;1;0;1;0;0;1;1;1;1;0;2;2;1;52;1536;864;1;6;1;1;3;2;psychology;0;0;0;1;0;0;0;0;2;2
5;5;5;5;5;5;5;5;5;5;5;5;5;5;5;5;5;1;5;5;1;1;4;5;4;5;US;51;98;185;2;5;1;5;6;1;5;7;5;3;1;1;0;1;1;0;0;0;0;1;0;0;1;1;1;1;2;2;2;1;26;1366;768;1;3;2;1;1;3;NA;0;0;0;1;0;0;0;0;5;1
4;5;5;5;5;5;4;3;5;5;2;5;5;3;4;3;4;5;4;4;5;3;5;5;4;5;US;4;90;205;3;5;6;5;6;7;7;1;3;1;1;1;1;1;1;1;0;1;0;1;1;1;1;1;1;1;3;2;2;2;23;414;736;1;4;2;1;1;2;English;0;0;0;1;1;1;0;0;7;2
5;4;5;5;5;3;5;1;1;1;2;5;3;4;1;1;2;5;4;1;5;1;1;5;4;5;NONE;93;132;218;7;5;6;4;7;1;5;3;6;1;1;1;0;1;1;0;0;0;0;1;0;0;0;1;1;1;2;1;1;1;29;1536;864;1;12;1;2;3;2;Electrical Engineering;0;0;0;1;0;0;0;0;5;2
5;3;4;4;5;3;5;4;5;5;4;4;5;2;1;3;5;1;2;4;4;1;4;5;1;5;US;1033;399;515;3;7;6;7;4;2;5;6;2;1;1;1;0;1;1;0;0;1;0;1;0;0;1;1;1;1;2;3;2;1;34;320;568;1;12;1;1;2;1;No;0;0;0;1;0;0;0;0;6;2
5;3;5;5;5;5;5;4;4;5;3;2;4;4;1;4;4;4;3;5;2;2;3;4;3;4;GB;1;74;89;1;3;2;5;6;6;4;6;3;4;1;1;1;1;1;0;1;1;0;1;0;0;1;1;1;1;4;2;1;1;22;1680;1050;1;2;1;2;1;2;Biochemistry;0;0;0;1;0;0;0;0;6;1
4;3;3;3;4;5;4;5;5;4;3;4;1;3;3;2;4;1;5;3;1;1;5;3;4;3;MY;2;96;166;7;5;6;5;7;1;4;5;5;5;1;1;1;1;1;0;0;0;0;1;0;0;0;1;1;1;4;3;2;2;21;414;736;1;10;1;2;1;3;Information Technology;0;1;0;0;0;0;0;0;4;2
3;5;5;3;1;3;5;2;5;4;1;4;1;1;5;1;4;4;1;3;1;1;3;4;1;4;GB;117;165;234;5;5;5;7;3;7;5;1;3;2;1;1;0;1;1;0;0;0;0;1;0;0;0;0;1;1;3;3;2;2;24;1536;864;1;7;1;2;1;2;Microbiology;0;0;0;0;0;0;0;1;4;2
4;5;5;4;5;4;5;4;4;5;5;5;4;4;4;3;5;5;4;4;5;2;3;5;3;5;US;11;66;111;2;1;5;6;5;7;7;6;3;3;1;1;1;1;1;0;0;0;0;1;0;0;1;1;1;1;1;2;2;1;15;375;667;1;2;3;2;1;2;NA;0;0;0;1;0;0;0;0;6;2
4;5;4;4;3;5;4;5;5;2;3;4;5;5;4;3;3;5;5;0;1;3;5;4;4;5;US;591;61;110;1;2;5;2;4;6;2;5;7;5;1;1;0;1;1;0;0;1;0;1;0;0;1;1;1;1;3;2;2;1;25;1920;1080;1;2;4;1;1;2;computer science;0;0;0;1;0;0;0;0;7;2
5;1;5;4;5;5;5;5;5;5;1;1;5;2;1;4;5;5;3;5;1;1;4;5;2;5;CH;4;69;153;1;2;6;2;7;7;5;2;5;2;1;1;1;1;1;0;1;1;0;1;1;0;1;1;1;1;4;3;2;2;33;360;640;2;2;1;2;1;2;Psychology;0;0;0;0;0;0;0;1;6;2
2;5;4;2;2;4;5;2;3;4;4;4;2;4;4;2;4;5;5;3;1;2;3;4;3;4;US;90;331;247;2;5;3;4;5;6;7;6;2;5;1;1;0;1;1;0;0;0;0;1;0;0;1;1;1;1;2;2;2;1;17;1366;768;1;12;2;2;1;4;NA;0;0;1;1;0;0;0;0;3;2
3;4;4;3;4;5;4;4;5;4;4;4;5;5;4;5;4;5;1;5;4;4;5;5;2;4;US;4;107;183;5;1;6;2;6;7;7;2;7;2;1;1;1;1;1;0;0;0;0;1;0;0;1;1;1;1;2;3;2;1;17;1440;900;1;10;2;2;1;3;NA;1;0;0;0;0;0;0;0;6;2
2;5;4;4;4;5;1;5;4;3;1;1;5;2;5;3;4;4;1;3;5;1;5;5;1;4;US;39;128;129;7;6;1;7;6;6;7;6;6;1;1;0;0;1;1;0;0;0;0;1;0;0;1;1;1;1;2;3;2;1;17;414;736;1;12;2;2;1;0;NA;0;0;1;0;0;0;0;0;6;2
4;4;4;4;4;1;3;4;1;4;1;1;1;1;4;4;3;1;5;1;1;1;1;4;3;4;US;4;1365;268;4;5;4;1;3;6;7;6;1;1;1;1;0;1;1;0;0;0;0;1;0;0;1;1;1;1;2;2;2;1;19;360;740;1;1;2;1;1;2;NA;0;0;0;1;0;0;0;0;1;2
5;4;5;3;4;3;3;5;3;4;1;2;5;4;5;5;5;4;2;4;4;3;4;4;1;3;RU;16;74;92;1;2;2;7;5;7;5;6;1;1;1;0;0;1;1;0;0;0;0;1;0;0;0;0;1;1;1;3;2;2;17;1366;768;1;1;2;2;1;2;NA;0;0;0;1;0;0;0;0;5;2
4;1;4;1;1;4;1;4;5;4;1;1;2;1;1;4;2;3;1;2;4;1;5;3;4;3;BE;184;65;94;5;6;5;7;6;6;5;3;2;2;1;1;0;1;1;0;0;0;0;1;1;0;1;1;1;1;2;3;2;2;19;1920;1080;1;4;2;2;1;3;law;0;0;0;1;0;0;0;0;3;2
4;3;5;2;3;4;5;4;3;3;1;3;5;3;2;5;4;3;2;4;1;1;5;3;3;4;GR;64;164;330;5;5;4;7;5;7;6;4;4;3;1;0;0;1;1;0;0;1;0;1;0;0;0;0;1;1;2;2;2;2;16;360;640;1;7;1;2;1;3;NA;0;0;0;1;0;0;0;0;4;2
3;4;3;5;4;3;4;3;4;5;4;3;3;3;4;3;2;5;4;3;1;2;4;5;2;4;US;1147;79;76;2;5;5;7;5;3;6;5;3;3;1;1;1;1;1;0;1;1;0;1;1;0;1;1;1;1;4;3;3;1;27;2560;1440;1;12;3;1;1;3;social work;0;0;0;1;0;0;0;0;4;2
3;2;5;5;5;1;1;4;1;3;1;1;3;2;1;3;3;1;3;2;3;2;1;4;1;1;CA;2;116;136;3;6;4;6;5;6;5;7;4;3;1;1;1;1;0;0;0;0;0;1;0;0;1;1;1;1;1;3;2;1;17;320;568;1;2;3;2;1;2;NA;0;0;0;1;0;0;0;0;5;2
4;4;5;3;5;3;5;1;2;5;5;1;5;2;2;3;4;5;5;4;5;1;2;5;4;2;US;87;196;202;5;5;6;7;3;5;6;3;3;3;1;1;1;1;1;0;0;1;0;1;0;0;1;1;1;1;2;3;2;1;19;360;640;1;1;3;2;1;3;Computer Science;0;0;0;0;1;0;0;0;5;2
5;3;5;4;4;3;3;5;4;5;5;4;4;3;4;4;5;2;5;2;4;4;4;4;1;2;US;2;66;101;2;1;4;6;6;5;7;6;3;2;1;1;1;1;1;0;0;0;0;1;0;1;1;1;1;1;2;2;3;1;16;1366;768;1;12;0;2;1;2;NA;0;0;0;1;0;0;0;0;6;2
4;5;4;3;5;5;5;3;3;5;1;4;2;5;4;2;5;5;1;4;1;2;2;5;3;5;US;8;104;143;1;6;7;7;6;7;4;1;4;7;1;1;0;1;1;0;0;0;0;1;0;0;1;1;1;1;2;2;1;1;16;375;667;1;1;3;2;1;2;NA;0;0;0;1;0;0;0;0;7;2
4;5;5;3;5;5;5;5;5;5;5;5;5;1;5;5;5;5;5;5;1;1;5;5;5;5;NO;5;92;217;1;1;6;7;1;7;1;1;6;7;1;0;0;1;1;0;0;0;1;1;0;1;0;1;1;1;2;2;1;1;19;342;487;1;7;1;2;1;2;NA;0;0;1;0;0;0;0;0;4;1
2;4;4;2;4;4;4;5;5;4;3;3;3;4;5;3;3;5;3;3;5;3;4;4;3;5;US;24;165;307;6;3;7;2;7;5;7;1;6;2;1;1;0;1;1;0;0;0;0;1;0;0;0;1;1;1;2;2;2;1;16;375;667;1;4;1;2;1;1;English;0;0;0;1;1;0;0;0;7;2
4;4;5;2;5;4;4;5;4;5;4;4;3;3;4;2;3;5;3;5;3;2;5;4;3;4;US;81;86;125;1;4;3;7;6;5;6;5;2;3;1;1;1;1;1;0;0;0;0;1;0;1;1;1;1;1;1;3;3;1;17;1366;768;1;1;4;2;1;5;NA;0;0;0;1;0;0;0;0;6;2
4;3;5;5;5;5;4;5;4;5;3;3;5;5;5;5;4;5;5;4;5;5;5;5;1;5;US;425;125;205;4;5;7;6;7;3;7;4;4;1;1;1;1;1;1;0;0;0;0;1;0;0;1;1;1;1;1;2;2;1;17;320;568;1;1;3;2;1;2;NA;0;0;0;1;0;0;0;0;7;2
3;4;4;3;4;5;5;4;4;5;1;3;4;4;1;5;5;5;2;5;3;3;2;4;1;5;US;4;126;159;1;3;5;5;5;7;4;3;5;2;1;1;1;1;1;0;1;0;0;1;1;0;1;1;1;1;2;3;2;1;18;320;570;2;6;1;2;1;3;NA;0;0;1;0;0;0;0;0;6;2
3;4;5;4;4;3;1;2;2;4;3;2;4;3;4;3;4;4;4;3;5;2;4;4;2;3;AR;2;112;25442;1;2;1;7;6;7;6;6;5;2;1;1;1;1;1;0;0;0;0;1;0;0;1;1;1;1;1;3;2;2;17;375;667;1;2;3;2;1;4;NA;0;0;0;0;1;0;0;0;5;2
4;5;5;5;5;4;5;5;4;4;4;5;3;4;4;5;5;5;3;5;3;2;4;5;4;5;US;9;114;125;2;7;6;5;5;6;2;2;7;2;1;1;0;1;1;1;0;1;0;1;0;1;0;1;1;1;1;1;1;1;14;360;640;1;2;3;2;1;11;NA;0;0;0;1;0;0;0;0;6;2
4;5;4;4;3;2;5;4;4;4;5;5;5;4;5;3;1;4;5;4;5;3;5;4;4;4;US;1442;59;96;3;5;7;1;6;6;5;2;7;2;1;1;1;1;1;0;1;1;0;1;1;0;1;1;1;1;3;1;1;1;27;1920;1080;1;0;1;1;1;4;Nursing;0;0;0;1;0;0;0;0;7;2
5;5;5;5;5;3;5;5;3;4;2;3;5;5;5;5;5;5;2;3;4;3;2;4;5;5;US;578;566;156;1;6;1;7;6;7;3;5;3;4;1;1;0;1;1;0;0;0;0;1;1;0;1;1;1;1;2;2;2;1;20;375;667;1;1;0;1;1;1;Computer Science;0;1;0;0;0;0;0;1;6;2
3;4;4;2;4;4;4;4;4;4;5;2;4;4;3;4;4;3;5;3;1;2;5;4;2;4;AU;213;86;107;2;5;4;1;3;4;5;4;7;4;1;1;0;1;1;0;0;0;0;1;0;0;1;1;1;1;2;1;1;1;19;1920;1080;1;1;2;1;1;2;NA;0;0;0;1;0;0;0;0;5;2
5;5;5;4;5;5;5;5;5;5;3;5;5;5;1;5;5;4;5;4;3;1;1;5;5;2;IN;6;54;85;1;7;1;5;6;7;5;7;3;2;1;1;0;1;1;0;0;0;0;1;0;0;1;1;1;1;4;3;1;2;14;1366;768;1;8;1;2;1;2;science;0;1;0;0;0;0;0;0;7;2
4;5;5;4;5;4;5;4;5;5;5;5;4;4;1;4;5;5;4;5;1;2;2;5;5;5;RU;3;101;116;1;6;6;7;7;7;2;5;5;2;1;1;0;1;1;0;0;0;0;1;0;0;1;1;1;0;2;3;1;2;17;1600;900;1;2;4;2;1;1;Information Technology;0;0;0;1;0;0;0;0;6;2
4;4;4;5;4;4;3;5;4;4;5;4;3;3;1;4;4;4;3;2;3;2;5;5;2;4;AU;9;75;104;2;4;4;7;6;5;6;7;2;2;1;1;1;1;1;0;0;1;0;1;1;1;1;1;1;1;2;1;1;1;20;1280;1024;3;1;2;2;1;5;NA;0;0;0;0;0;0;0;1;7;1
4;4;5;3;2;3;4;4;2;4;4;2;4;4;5;2;5;3;5;2;4;3;5;4;2;3;AU;4;69;79;3;1;3;7;6;5;6;5;4;2;1;1;0;1;1;0;0;0;0;1;0;0;1;0;1;1;2;2;2;2;17;768;1024;1;10;3;2;1;3;NA;1;0;0;0;0;0;0;0;5;2
3;2;4;2;1;3;2;2;3;3;1;1;2;3;3;1;2;5;4;3;2;1;1;1;4;2;US;50;97;164;3;3;7;5;7;5;7;3;5;3;1;1;0;1;1;0;0;0;0;1;0;0;1;1;1;1;4;1;1;1;24;412;732;1;6;1;1;1;2;Accounting;0;0;0;1;0;0;0;0;4;2
5;4;5;4;2;4;3;5;3;5;1;4;3;2;4;3;5;2;2;3;2;3;5;3;3;5;BR;9;201;434;2;2;2;7;5;7;5;5;5;4;0;1;0;1;1;0;0;1;0;1;0;0;0;1;1;1;3;2;2;2;26;1536;864;1;1;3;1;1;3;pedagogy (education);0;0;1;0;0;0;0;0;4;2
4;4;4;4;5;2;5;1;5;1;5;5;2;5;1;1;4;1;5;5;1;1;5;5;5;5;ES;1090;463;161;3;7;1;7;3;3;5;7;1;3;1;1;1;1;1;1;1;1;1;1;0;1;1;1;1;1;1;3;2;2;18;360;640;1;2;2;2;1;2;NA;0;0;0;1;0;0;0;0;5;2
5;5;5;5;5;3;5;5;5;5;5;5;5;5;5;1;5;5;5;3;4;1;5;5;4;5;US;2;107;85;1;6;1;4;7;7;1;7;4;1;1;1;0;1;1;0;0;0;0;1;0;0;1;1;1;1;1;2;2;1;17;1920;1080;1;12;2;2;1;3;NA;0;0;0;0;1;0;0;0;7;2
4;5;5;5;2;2;4;5;2;4;5;4;4;4;4;3;5;4;5;4;1;2;1;3;3;3;GB;21;103;145;2;5;5;7;4;6;6;5;3;3;1;1;0;1;1;0;0;0;0;1;0;0;1;1;1;0;2;2;2;1;16;360;640;2;2;3;2;1;2;NA;0;0;0;0;0;0;0;1;7;2
3;4;5;4;4;4;2;4;3;5;1;1;0;5;1;5;5;5;2;5;2;4;5;4;3;5;US;20;45;94;1;5;6;7;6;7;3;1;3;3;1;1;1;1;1;0;0;0;0;1;0;1;1;1;1;1;2;1;2;1;18;1920;1080;1;12;3;2;1;2;NA;0;0;0;1;0;0;0;0;5;2
4;5;3;3;3;5;5;2;4;3;4;4;5;5;4;4;3;5;5;5;2;2;2;4;3;5;US;18;144;160;2;3;4;7;6;5;7;5;3;2;1;1;1;1;1;0;0;0;0;1;0;1;1;1;1;1;2;3;2;1;17;375;667;1;7;5;2;1;2;NA;0;0;0;1;0;0;0;0;4;2
4;3;5;4;5;5;4;5;5;5;1;2;5;3;1;2;5;1;1;5;4;5;1;5;3;5;CO;14;109;140;4;4;5;6;6;6;6;2;4;2;1;1;1;1;1;0;0;1;0;1;0;0;1;1;1;1;2;3;2;2;19;424;753;1;12;2;1;1;3;NA;0;0;0;0;1;0;0;0;5;2
3;5;4;3;3;3;5;4;4;4;4;3;2;4;4;5;4;2;5;2;2;1;4;4;3;4;GB;107;52;77;5;3;2;5;6;5;7;6;6;3;1;1;1;1;1;0;0;0;0;1;1;0;1;1;1;1;2;3;1;2;17;1366;768;2;2;2;2;1;1;NA;0;0;0;1;0;0;0;0;5;2
4;5;5;3;3;4;5;5;2;5;4;5;3;3;3;4;5;4;5;3;1;1;1;4;3;4;US;66;175;169;2;5;5;7;5;7;5;6;4;5;1;1;0;1;1;0;0;0;0;1;1;0;1;1;1;1;3;1;2;1;25;360;640;1;1;2;1;1;2;Psychology;0;0;0;1;0;0;0;0;6;2
3;5;5;5;2;3;5;3;3;5;4;5;5;5;1;5;5;1;4;1;1;3;5;5;5;5;CN;31;96;145;1;2;6;1;7;7;1;5;7;1;1;1;1;1;1;0;1;1;0;1;1;0;1;1;1;1;2;2;1;2;19;360;640;1;2;2;2;1;2;&#26426&#26800;0;1;0;0;0;0;0;0;1;2
4;3;5;4;4;3;5;4;1;5;4;1;1;2;2;3;2;5;5;3;1;1;1;4;3;4;US;229;78;85;1;5;2;7;3;7;6;7;3;2;1;1;1;1;1;0;0;0;0;1;0;0;1;1;1;1;1;1;2;1;17;1366;768;1;1;3;2;1;4;NA;0;0;0;1;0;0;0;0;5;2
5;5;4;4;5;5;5;5;5;5;3;5;5;5;1;3;4;5;1;4;5;4;5;5;5;5;US;3;177;170;5;5;5;6;7;2;6;2;2;1;1;1;1;1;1;1;1;1;0;1;1;1;1;1;1;1;4;2;2;1;45;1440;900;1;5;1;1;1;6;History/ Media;0;0;0;1;0;0;0;0;6;2
5;1;5;3;1;5;4;4;1;5;1;1;5;2;5;5;5;5;1;5;1;5;5;5;1;2;US;35;2119;327;1;1;6;5;5;7;6;2;2;2;1;1;0;1;1;0;0;0;0;1;0;0;1;0;1;1;2;3;2;1;18;320;570;1;1;1;1;1;5;NA;0;0;1;0;0;0;0;0;5;2
4;3;4;4;3;4;1;5;3;4;5;1;5;4;2;5;4;4;5;3;4;2;5;4;1;3;CA;126;59;93;1;3;3;7;5;7;7;5;2;1;1;1;0;1;1;0;0;0;0;1;0;0;1;1;1;1;2;3;2;1;21;1280;800;1;6;5;2;1;2;Anthropology;0;0;0;1;0;0;0;0;7;2
4;4;5;4;2;4;4;2;4;5;1;1;5;2;2;5;4;4;4;5;4;1;2;5;4;3;US;16;149;103;5;3;3;6;5;5;6;5;3;5;0;0;1;0;0;1;1;1;1;0;1;1;0;0;0;0;1;2;2;1;16;1440;900;1;12;3;2;1;1;NA;1;0;0;0;1;1;0;0;7;2
3;5;3;4;4;5;5;5;4;3;1;3;5;3;5;3;3;5;2;5;5;1;5;5;1;3;HR;539;1459;144;5;5;5;4;2;4;4;2;6;2;1;1;1;1;1;0;0;0;0;1;0;0;1;1;1;1;1;3;2;2;15;1366;768;1;2;0;2;1;1;NA;0;0;0;1;0;0;0;0;6;2
5;0;5;5;5;5;5;5;5;5;5;5;5;5;5;5;5;5;5;5;5;5;5;5;5;5;US;1325;43;121;7;1;7;1;7;6;7;1;7;2;1;1;1;1;1;0;0;0;0;1;0;1;1;1;1;1;1;2;2;1;15;1280;768;1;4;5;2;1;0;NA;0;0;0;1;0;0;0;0;7;2
5;5;5;5;5;4;5;5;4;5;3;5;5;5;4;5;5;5;4;5;1;4;5;5;4;5;US;4;119;338;1;7;7;6;6;7;5;1;2;2;1;1;1;1;1;1;0;0;0;1;0;0;1;1;1;1;4;2;2;1;37;375;667;1;7;1;1;2;2;Math;0;0;0;1;0;0;0;0;7;2
3;5;5;4;5;5;5;5;5;5;4;5;1;5;5;4;2;5;5;3;1;2;2;5;5;5;US;11;117;191;6;6;7;6;7;5;7;2;6;1;1;1;1;1;1;1;0;1;0;1;0;1;1;1;1;1;3;3;1;1;42;375;812;2;7;1;1;2;1;Engineering;0;0;0;1;0;0;0;0;7;2
5;5;5;5;4;5;5;5;5;5;5;5;5;5;4;5;5;4;5;4;3;5;2;4;4;5;US;7;113;115;1;1;2;6;7;7;6;6;6;5;1;1;0;1;1;0;0;1;0;1;0;0;1;1;1;1;2;1;1;1;23;320;570;1;2;1;2;1;3;NA;0;0;0;1;0;0;0;0;6;1
5;5;5;5;5;5;5;5;5;5;5;5;4;5;4;5;5;5;5;4;1;5;5;5;5;5;US;111;69;195;7;7;5;2;7;1;1;5;2;7;1;1;1;1;1;1;1;1;1;1;1;1;1;1;1;1;2;3;1;2;19;414;736;3;2;4;2;1;1;NA;0;0;0;0;0;0;0;1;6;2
2;1;4;3;1;5;3;4;3;5;1;3;3;5;1;4;5;5;1;5;5;1;5;3;1;5;US;2;241;312;3;6;7;6;5;5;5;1;5;2;1;1;0;1;1;0;0;0;0;1;0;0;0;1;1;1;3;1;2;1;29;1366;768;1;7;3;2;1;3;Early Childhood Education;0;0;0;1;0;0;0;0;5;2
3;4;4;5;5;5;5;1;5;4;2;5;5;5;2;1;5;5;1;4;2;1;5;5;4;5;US;3;74;145;1;4;3;7;7;7;6;5;5;6;1;1;0;1;1;0;1;1;0;1;0;1;1;1;1;1;0;1;2;1;18;375;667;1;1;0;2;1;2;NA;0;0;0;1;0;0;0;0;5;2
3;5;5;3;5;5;5;5;5;5;5;5;5;5;3;5;4;2;5;5;2;3;5;5;3;5;US;24;70;120;1;4;7;7;5;7;7;5;4;5;1;1;0;1;1;0;0;1;0;1;0;0;1;1;1;1;2;2;1;1;21;1920;1080;2;2;1;2;1;1;NA;1;0;0;1;0;1;0;0;7;2
5;5;5;3;5;5;5;5;5;5;3;5;3;3;3;5;5;1;1;3;1;1;5;5;3;3;PT;2;77;135;1;7;4;5;4;7;6;3;5;1;1;1;1;1;1;0;0;1;0;1;0;0;1;1;1;1;2;3;2;2;19;1366;768;1;2;1;1;1;2;engineering;0;0;0;1;0;0;0;0;6;2
2;4;5;2;4;2;4;3;4;1;4;4;3;4;3;4;3;5;4;5;1;1;4;4;1;4;US;9;93;127;2;1;5;5;5;3;4;3;5;6;1;1;0;1;1;0;0;0;0;1;0;0;1;1;1;1;1;2;2;1;15;768;1024;1;2;4;2;1;4;NA;0;0;0;1;0;0;0;0;5;2
4;4;4;3;4;4;4;1;4;4;3;3;3;4;4;2;2;4;2;4;5;4;4;4;2;4;FR;30;67;123;3;1;5;3;6;7;6;7;5;2;1;1;1;1;1;0;0;1;0;1;1;0;1;1;1;1;3;3;2;2;22;1366;768;1;2;1;1;1;2;Economics;0;0;0;1;0;0;0;0;6;2
3;5;4;2;5;5;5;5;5;4;1;5;5;5;5;3;4;3;4;5;4;5;5;4;1;5;SE;3;104;170;5;3;6;2;7;5;3;4;7;2;1;1;0;1;1;0;0;0;0;1;0;0;0;1;1;1;2;1;2;2;27;375;667;0;2;0;2;1;3;NA;0;0;0;1;0;0;0;0;7;1
4;3;5;4;5;2;5;1;5;5;1;4;1;5;1;1;3;5;2;3;1;1;2;5;5;5;US;5;70;120;5;2;6;6;3;2;7;6;5;2;1;1;0;1;1;0;0;0;0;1;0;0;1;1;1;1;3;2;1;1;38;2048;1152;1;1;1;2;2;2;science;0;0;0;1;0;0;0;0;6;2
2;3;5;4;4;1;5;5;1;1;5;1;5;1;4;5;5;1;5;2;5;1;1;5;1;4;IE;31;424;198;3;7;2;7;6;5;6;7;1;3;1;1;1;1;1;0;0;0;0;1;0;0;1;1;1;1;1;2;1;1;17;360;640;1;2;3;2;1;5;NA;0;0;0;1;0;0;0;0;5;1
1;4;1;1;3;2;5;3;2;4;1;5;1;1;1;2;3;2;1;3;1;1;1;4;2;4;US;15;124;206;3;1;6;1;4;4;7;1;7;1;1;1;0;1;1;0;0;0;0;1;0;0;1;1;1;1;3;2;1;1;33;1280;800;1;7;1;2;2;3;NA;0;0;0;1;0;0;0;0;5;2
5;5;5;5;5;5;5;5;3;5;1;5;5;5;5;5;5;1;1;5;4;5;5;5;5;5;AU;120;56;107;2;2;5;7;1;5;4;3;1;1;1;1;1;1;1;0;1;1;0;1;1;0;1;1;1;1;3;2;2;1;39;1377;774;1;2;4;2;1;2;Writing;0;0;0;1;0;0;0;0;7;1
5;5;5;5;5;3;5;5;5;3;1;5;2;3;3;1;3;3;1;4;3;3;5;5;5;5;US;3;86;162;3;6;1;7;7;6;4;7;1;1;1;1;0;1;1;0;0;0;0;1;0;0;1;1;0;1;2;2;2;1;18;768;1024;1;4;2;2;1;2;NA;0;0;0;0;1;0;0;0;4;2
5;5;5;5;4;5;5;5;5;4;5;5;3;4;5;3;4;5;2;4;5;2;5;5;3;5;US;2;94;183;7;5;2;7;7;2;5;7;2;2;1;1;1;1;1;0;1;1;0;1;0;0;1;1;1;1;3;2;2;1;21;320;568;1;7;2;1;1;2;environmental science, marine biology;0;1;0;1;0;0;0;0;6;2
4;2;4;5;5;2;4;1;1;4;1;2;2;3;1;3;4;5;1;5;1;2;1;5;2;5;CA;7;79;167;5;2;2;5;6;3;5;4;5;2;1;1;1;1;1;0;0;0;0;1;0;0;1;1;1;1;3;2;2;1;20;375;667;1;8;3;1;1;5;geology;0;1;0;1;0;0;0;0;2;1
3;4;4;4;2;3;4;4;3;2;4;3;2;3;1;4;2;1;2;2;1;1;1;3;3;3;US;4;227;108;5;3;3;5;6;5;5;5;3;2;1;1;0;1;1;0;0;0;0;1;0;0;1;1;1;1;1;1;2;1;13;1360;768;1;1;2;2;1;2;no;0;0;0;1;0;0;0;0;5;2
4;3;4;5;4;5;5;4;4;5;1;3;5;5;3;5;3;5;1;3;1;1;4;4;1;5;CA;3;140;280;2;5;7;6;5;7;6;5;6;2;1;1;1;1;1;0;1;0;0;1;1;1;1;1;1;1;4;2;2;1;59;320;568;1;6;1;1;3;3;Medicine;0;0;0;1;0;0;0;0;6;2
5;4;4;5;4;4;3;5;3;5;1;2;3;1;5;2;4;3;1;2;3;2;5;5;2;5;BR;268;154;150;3;5;3;6;6;6;2;3;2;2;1;1;0;1;0;0;0;0;0;1;0;0;0;1;1;1;1;3;3;2;16;1366;768;1;4;3;2;1;2;psychology;0;0;1;1;0;0;0;0;6;2
4;4;5;3;2;1;4;2;2;5;1;1;4;2;1;1;4;1;3;2;1;1;4;1;1;3;US;7;139;203;3;4;3;7;5;5;5;6;3;4;1;1;0;1;1;0;0;0;0;1;0;0;1;1;1;1;1;3;2;1;18;360;640;1;1;2;2;1;2;NA;0;0;0;0;1;0;0;1;6;2
3;5;5;5;3;4;5;5;4;5;1;5;5;5;5;5;5;1;1;5;5;1;1;4;2;3;TN;1109;194;233;1;1;6;5;3;7;4;6;4;5;1;1;1;1;1;0;0;1;0;1;0;0;1;1;1;1;3;1;2;2;20;1366;768;2;10;0;2;1;1;Management;1;0;0;0;0;0;0;0;6;2
5;5;5;5;4;5;3;5;4;4;5;5;5;4;2;5;5;5;5;5;5;1;5;5;4;5;US;2;69;97;1;5;3;6;7;7;5;5;3;1;1;1;0;1;1;0;0;0;0;1;0;1;1;1;1;1;1;2;2;1;15;360;640;1;2;3;2;1;4;NA;0;0;0;1;0;0;0;0;7;2
2;5;5;0;2;3;4;4;3;5;3;4;4;2;4;1;4;2;5;3;4;1;4;2;4;2;DK;4;153;119;1;5;5;6;5;7;6;3;2;2;1;1;0;1;1;0;0;0;0;1;1;1;1;1;1;1;2;2;2;2;19;1920;1080;1;2;2;1;1;1;NA;0;0;0;1;0;0;0;0;5;2
4;5;4;3;4;1;4;2;4;5;5;3;3;2;5;2;4;1;5;2;1;1;1;5;2;2;IL;16;104;89;6;7;7;3;3;2;6;2;5;4;1;1;0;1;1;0;0;0;0;1;0;0;1;1;1;1;1;3;1;1;17;2462;1385;1;1;2;2;1;4;NA;0;0;0;0;0;0;0;1;6;2
4;5;4;5;4;3;2;4;2;4;1;4;2;5;3;4;3;2;2;3;4;1;5;4;1;3;IT;1099;122;117;3;1;5;5;6;6;6;5;3;2;1;1;1;1;1;1;0;0;0;1;1;0;1;1;1;1;2;3;2;1;21;1440;900;1;4;2;2;1;3;Film Studies and Italian;0;0;0;1;0;0;0;0;5;2
5;5;5;5;3;4;4;5;3;4;5;3;5;3;5;3;5;3;5;4;3;4;5;3;2;3;AU;9;116;215;2;4;3;7;5;5;6;5;1;3;1;1;1;1;1;0;0;1;0;1;0;0;1;1;1;1;3;1;2;1;30;375;667;1;1;4;1;1;4;Social Work;0;0;0;1;0;0;0;0;7;2
4;4;2;4;2;4;3;4;3;4;4;4;2;3;4;2;3;4;2;3;4;2;4;4;2;3;US;552;546;205;6;5;2;6;5;1;6;5;4;2;0;1;1;1;1;0;0;0;0;1;0;1;1;1;1;1;2;1;2;1;21;375;812;1;12;5;1;1;2;Music;1;0;0;1;1;1;0;1;4;2
4;4;5;1;4;4;4;5;4;3;1;3;5;5;5;5;5;5;1;5;5;1;5;4;3;3;US;7;109;136;3;1;3;7;3;5;7;4;1;1;1;1;0;0;1;0;0;0;0;1;0;0;0;1;1;1;1;2;2;1;16;412;732;1;7;1;2;1;3;NA;0;1;0;0;0;0;0;0;6;2
5;5;4;5;4;3;5;4;4;3;3;4;5;4;3;5;3;1;5;3;3;1;4;3;3;4;GB;409;99;156;1;4;6;6;6;6;6;6;5;3;1;1;1;1;1;0;1;0;0;1;0;0;1;1;1;1;2;3;2;1;28;360;640;1;1;2;1;2;2;N/A;0;0;0;1;0;0;0;0;5;2
5;4;4;4;2;3;5;3;3;3;4;4;2;3;3;5;3;4;5;3;1;2;2;3;3;3;US;3;55;75;4;4;5;3;6;4;6;4;3;5;1;1;1;1;1;1;1;1;1;1;1;1;1;1;1;1;2;2;1;1;19;1680;1050;1;1;1;2;1;1;Computer Information Technology;0;0;0;1;0;0;0;0;4;2
4;5;4;5;5;4;5;4;4;5;4;4;3;3;3;2;3;5;4;3;1;1;5;4;5;5;US;1025;87;125;4;1;6;5;6;7;5;2;7;2;1;1;1;1;1;1;0;0;0;1;0;0;1;1;1;1;2;3;1;1;28;1920;1080;1;2;1;1;1;2;NA;0;0;0;1;0;0;0;0;7;2
5;5;5;5;5;3;5;5;3;5;5;5;5;5;1;5;5;1;5;5;5;1;2;3;4;4;FR;3;108;130;1;5;7;7;7;7;1;6;6;5;1;1;0;1;1;0;0;0;0;1;0;0;0;1;1;1;3;2;2;2;21;360;640;1;2;1;2;1;1;languages;0;1;0;0;0;0;0;0;7;2
4;2;5;2;5;3;5;2;4;3;3;5;3;5;1;4;4;1;1;5;1;3;5;5;4;4;NONE;19;169;244;3;6;5;7;7;7;7;2;2;5;1;1;0;1;1;0;0;1;0;1;0;0;0;1;1;1;3;3;2;2;20;360;640;1;10;1;2;1;3;Microbiology;1;0;0;0;0;0;0;0;7;2
2;1;3;2;4;4;2;4;5;3;1;2;2;4;1;2;3;4;2;4;5;2;4;4;2;4;US;3;105;77;6;5;3;5;7;3;2;4;5;1;1;1;1;1;1;0;0;0;0;1;1;0;1;1;1;1;1;2;2;1;17;1440;900;1;2;1;2;1;2;NA;0;0;0;1;0;0;0;0;3;2
3;3;4;4;4;5;3;5;4;5;4;2;5;2;4;5;5;5;4;3;5;4;3;3;1;4;US;10;125;193;2;2;5;5;5;6;7;3;4;2;1;1;1;1;1;0;0;0;0;1;0;1;1;1;1;1;1;2;2;1;15;360;640;1;1;1;2;1;2;NA;0;0;0;1;0;0;0;0;4;2
3;3;5;4;5;5;5;5;4;3;1;5;5;5;5;5;5;3;1;5;1;5;5;5;3;5;GB;10;85;164;1;6;5;7;6;6;6;7;3;2;1;1;1;1;1;0;0;0;0;1;0;0;1;1;1;1;2;3;2;1;19;360;640;1;2;1;2;1;2;Veterinary nursing;0;0;0;1;0;0;0;0;6;2
5;5;5;5;1;2;4;5;2;5;4;4;3;5;4;5;4;4;5;2;1;1;1;5;3;5;GB;7;116;103;2;5;5;7;6;7;7;5;2;1;1;1;1;1;1;0;0;0;0;1;0;0;0;1;1;1;1;3;2;2;15;1366;768;1;1;2;2;1;2;NA;0;0;0;1;0;0;0;0;7;2
4;4;5;2;4;5;5;4;5;4;4;4;1;3;4;1;3;4;4;3;4;1;5;4;3;1;DE;6;103;118;5;6;5;6;7;5;5;5;2;2;1;1;0;1;1;0;0;0;0;1;0;0;0;1;1;1;1;3;2;2;15;360;640;1;1;2;2;1;3;NA;0;0;0;1;0;0;0;0;6;2
4;2;4;5;4;3;2;4;3;5;4;1;5;5;2;5;5;5;4;3;5;1;5;5;1;5;FR;22;105;157;1;5;6;6;5;7;6;1;2;1;1;1;0;1;1;0;0;1;0;1;1;0;0;1;1;1;2;3;2;2;21;1366;768;1;12;1;1;1;3;Psychology;0;0;0;1;0;0;0;0;6;2
5;4;5;5;4;2;4;5;3;5;5;4;5;4;3;5;5;3;5;4;4;1;4;5;4;5;BR;11;62;92;2;6;2;6;3;5;3;6;2;1;1;1;1;1;1;0;0;0;0;1;0;0;1;1;1;1;1;2;3;2;14;1366;768;1;2;2;2;1;2;NA;0;0;0;0;0;0;0;1;7;2
5;5;5;5;4;5;5;5;4;5;5;4;5;4;5;5;5;3;5;5;5;2;5;4;2;5;GB;5;74;157;1;6;5;7;5;6;6;5;3;3;1;1;0;1;1;0;0;0;0;1;0;0;1;1;1;1;2;2;1;1;20;360;640;1;2;5;1;1;3;NA;0;0;0;1;0;0;0;0;7;1
5;2;5;4;1;2;2;5;3;3;5;1;2;2;5;5;4;5;4;1;5;1;2;4;1;1;US;6;49;118;5;3;1;6;7;5;6;7;5;7;1;1;0;1;1;0;0;0;0;1;0;0;1;1;1;1;1;2;2;1;15;414;736;1;2;1;2;1;1;NA;0;1;0;0;0;0;0;0;7;2
5;5;5;5;5;4;2;1;3;5;4;4;5;5;4;5;5;5;1;4;4;1;1;5;2;5;US;24;141;116;1;1;6;1;7;7;7;6;3;1;1;1;0;1;1;0;0;0;0;1;0;0;1;1;1;1;2;2;2;1;17;320;568;1;5;1;2;1;2;NA;0;0;0;1;0;0;0;0;6;2
3;4;3;4;5;5;5;4;5;4;5;5;5;5;2;5;4;5;4;3;4;4;5;5;4;5;GB;13;73;112;4;3;5;5;6;5;6;5;3;1;1;1;1;1;1;0;0;0;0;1;1;0;1;1;1;1;3;1;2;1;27;360;720;1;2;2;1;1;2;Physics;0;0;0;1;0;0;0;0;6;2
4;3;5;4;4;4;4;5;5;3;3;4;5;4;4;5;5;4;2;4;4;3;5;4;3;5;PH;10;112;108;3;3;4;3;5;6;5;5;5;4;1;1;1;1;1;0;0;1;1;1;0;0;1;1;1;1;2;2;2;2;13;360;640;1;6;4;2;1;3;Medical Engineering;0;1;0;0;0;0;0;0;5;2
5;4;2;5;5;4;5;5;5;5;4;4;4;4;1;5;4;5;4;5;4;1;4;5;4;5;UA;27;122;144;1;1;5;1;7;1;1;5;6;1;1;1;1;1;0;0;0;1;1;1;0;0;1;1;1;1;2;3;2;2;18;1280;800;1;2;2;2;1;2;NA;0;0;0;1;0;0;0;0;5;2
3;3;5;1;1;1;1;4;2;4;4;1;2;2;3;5;3;2;4;3;1;1;1;4;2;4;GB;2;234;249;2;1;3;6;5;6;7;5;3;2;1;1;0;1;1;0;0;0;0;1;0;0;1;0;1;1;2;3;3;1;17;360;640;1;1;5;2;1;4;NA;0;0;0;1;0;0;0;0;5;1
5;5;5;3;5;5;5;5;5;5;3;5;5;3;5;3;5;4;4;4;4;4;5;5;5;5;GB;1;61;129;2;5;2;1;7;5;3;7;6;2;1;1;1;1;1;0;1;1;0;1;1;0;1;1;1;1;2;2;1;1;37;1366;768;0;2;1;1;3;2;NA;0;0;0;1;0;0;0;0;7;1
3;4;4;1;4;3;5;1;4;3;5;3;1;3;1;2;3;4;2;3;1;1;2;5;3;5;GB;3;165;141;5;2;3;4;5;2;6;7;2;3;1;1;0;1;1;0;0;1;0;1;0;0;1;1;1;1;1;2;2;1;17;360;592;1;1;2;2;1;2;NA;0;0;0;1;0;0;0;0;3;2
3;1;4;3;4;3;5;1;4;4;4;5;3;2;1;5;5;3;5;3;1;1;4;4;4;5;AT;15;184;232;1;7;2;3;7;6;4;6;6;2;1;1;0;1;1;0;0;0;0;1;0;0;0;1;0;1;2;1;1;2;27;1280;1024;1;2;1;1;1;2;NA;0;0;0;1;0;0;0;0;5;2
3;5;5;5;4;3;4;4;4;5;4;0;3;3;4;4;4;2;1;2;4;2;5;4;2;4;US;1;95;138;4;5;3;7;6;6;6;6;1;2;1;1;1;1;1;0;0;0;0;1;0;0;1;1;1;1;2;3;3;1;20;1440;900;1;1;2;2;1;2;NA;0;0;0;1;0;0;0;0;5;1
5;4;5;5;5;3;5;5;5;5;5;5;5;5;5;3;5;1;5;3;3;1;5;0;5;5;NO;8;170;210;6;7;4;6;7;2;4;3;4;1;1;0;0;1;0;0;0;0;0;1;0;0;1;1;0;1;2;2;1;2;20;360;640;1;2;1;1;1;4;NA;0;0;0;1;0;0;0;0;7;2
5;3;5;5;1;3;3;1;1;1;1;3;5;1;3;3;5;1;2;5;5;3;5;1;3;3;NO;9;247;194;1;5;4;4;7;7;7;4;3;7;1;1;0;1;1;0;0;0;0;1;0;0;0;1;1;1;2;1;2;2;19;360;640;1;2;2;2;1;0;NA;0;0;0;1;0;0;0;0;4;2
